file_name,lab_name,experiment_id,corridor_id,position_id,tx_power_dbm,filename_sf,filename_tx_power_dbm,filename_preamble_len,header_packet_counter,packet_avg_power_db,preamble_peak_to_residual_db,preamble_peak_width_3db_bins_avg,preamble_peak_mag_bin_-8,preamble_peak_mag_bin_-7,preamble_peak_mag_bin_-6,preamble_peak_mag_bin_-5,preamble_peak_mag_bin_-4,preamble_peak_mag_bin_-3,preamble_peak_mag_bin_-2,preamble_peak_mag_bin_-1,preamble_peak_mag_bin_+0,preamble_peak_mag_bin_+1,preamble_peak_mag_bin_+2,preamble_peak_mag_bin_+3,preamble_peak_mag_bin_+4,preamble_peak_mag_bin_+5,preamble_peak_mag_bin_+6,preamble_peak_mag_bin_+7,preamble_peak_mag_bin_+8
1_0_10_12_6_16.bin,lab1-SF12-TP6,1,0,10,6,12,6,16,,-17.2153683,1.14591539,1.33400488,0.0282006096,0.0718918741,0.0428979956,0.0928306505,0.0706046522,0.137336388,0.146555826,0.308473676,1,0.672186911,0.249427423,0.154160291,0.111636125,0.0875325575,0.0724030137,0.0613031127,0.0535180233
1_0_10_12_6_16.bin,lab1-SF12-TP6,1,0,10,6,12,6,16,,-17.3803581,4.84258366,0.876835048,0.0173989497,0.054302264,0.0275881812,0.0695380643,0.0480813868,0.102991596,0.105785348,0.238742918,1,0.400866657,0.164862424,0.10437905,0.076628074,0.0605676025,0.0499250367,0.0426696278,0.037161883
1_0_10_12_6_16.bin,lab1-SF12-TP6,1,0,10,6,12,6,16,,-17.1346342,0.912945569,1.38203526,0.0289881341,0.0733341798,0.0437444672,0.0944332927,0.0721531436,0.139660716,0.148958385,0.312713265,1,0.694326282,0.25565964,0.157158002,0.11390914,0.0891420618,0.0736538023,0.0622262023,0.0544300973
1_0_10_12_6_16.bin,lab1-SF12-TP6,1,0,10,6,12,6,16,,-17.1636065,-0.39205575,1.64167356,0.0326427966,0.0808387101,0.0489984415,0.103855431,0.0798440501,0.153067276,0.163072616,0.336514056,1,0.832645535,0.29228586,0.17768544,0.127695858,0.0998855382,0.082596533,0.069707185,0.060839735
1_0_10_12_6_16.bin,lab1-SF12-TP6,1,0,10,6,12,6,16,,-17.1002915,4.99507046,0.869953692,0.0169880185,0.0536629148,0.0270197168,0.0688337982,0.0469661504,0.101578258,0.104023419,0.236852646,1,0.393146098,0.162166402,0.102745645,0.0752104297,0.0593121909,0.0492988825,0.041924689,0.0367667526
1_0_10_12_6_16.bin,lab1-SF12-TP6,1,0,10,6,12,6,16,,-17.1186509,9.70281506,0.716172516,0.00570423156,0.0373057611,0.0111031933,0.0466089509,0.0233656541,0.0673181191,0.0595524758,0.157993361,1,0.205134273,0.0913209096,0.0589264408,0.043686334,0.0345565565,0.0289695617,0.0246262122,0.0215559769
1_0_10_12_6_16.bin,lab1-SF12-TP6,1,0,10,6,12,6,16,,-17.0827765,10.8553848,0.694682419,0.00418936135,0.0341071039,0.0082418276,0.0423649997,0.0184213053,0.0605143271,0.0501997285,0.14110744,1,0.173425779,0.0781523064,0.0506361239,0.0377187058,0.0301118307,0.0250051878,0.0214219727,0.0187715553
1_0_10_12_6_16.bin,lab1-SF12-TP6,1,0,10,6,12,6,16,,-17.1518615,10.7360306,0.696620345,0.00425140467,0.0344821922,0.0083134966,0.0426824056,0.0188392326,0.0615153164,0.0510914624,0.142973259,1,0.176154286,0.0793769509,0.0512660444,0.0380301848,0.0302313063,0.0252150632,0.021744784,0.0191387683
1_0_10_12_6_16.bin,lab1-SF12-TP6,1,0,10,6,12,6,16,,-17.1154772,11.5289898,0.684743822,0.00395466713,0.0324420556,0.00722008478,0.0399243869,0.0158411749,0.0569519214,0.0448115468,0.13218233,1,0.158051863,0.0714217052,0.0465005264,0.0345850177,0.0274331216,0.0229634456,0.0196027271,0.0172039103
1_0_10_12_6_16.bin,lab1-SF12-TP6,1,0,10,6,12,6,16,,-17.5303455,17.6147289,0.610296011,0.0209519845,0.00727047911,0.0235907678,0.00715075107,0.0284685269,0.0104486113,0.0422652066,0.0406227671,1,0.0428715348,0.0233592,0.0158391465,0.0119078327,0.00970119145,0.00806331821,0.00662748795,0.00592182204
1_0_11_12_6_16.bin,lab1-SF12-TP6,1,0,11,6,12,6,16,,-32.1802305,0.591581941,1.37677956,0.0746440589,0.0435682647,0.0943925083,0.0713424683,0.136399984,0.142628998,0.287686795,0.7059533,1,0.292971343,0.170853049,0.121907488,0.0936081186,0.0770442933,0.0658622384,0.0567206517,0.0498659797
1_0_11_12_6_16.bin,lab1-SF12-TP6,1,0,11,6,12,6,16,,-32.6636826,-0.339268178,1.58391476,0.031242324,0.0796837658,0.0480735116,0.102950022,0.0764604285,0.151722655,0.159831673,0.333709955,1,0.799952626,0.284976184,0.172998279,0.126008064,0.0970121473,0.0813331604,0.0669146702,0.0609516762
1_0_11_12_6_16.bin,lab1-SF12-TP6,1,0,11,6,12,6,16,,-31.9608245,2.85243773,1.01796687,0.0223257598,0.0628121272,0.0350106247,0.0790645704,0.0587873682,0.118928909,0.124748118,0.271668285,1,0.513540506,0.201909184,0.125977591,0.0918696895,0.0730314925,0.0597680919,0.0509867556,0.0453623198
1_0_11_12_6_16.bin,lab1-SF12-TP6,1,0,11,6,12,6,16,,-32.5314885,2.04903817,1.08989239,0.0243450608,0.0650783628,0.0391379111,0.0844529271,0.064226374,0.122243412,0.131412268,0.28297624,1,0.55844748,0.214231655,0.135733008,0.0959093571,0.0774186254,0.0625625551,0.0563759916,0.0470384285
1_0_11_12_6_16.bin,lab1-SF12-TP6,1,0,11,6,12,6,16,,-32.1342218,4.42597485,0.883584082,0.0183990411,0.0554353967,0.0283354186,0.0705231503,0.0495498963,0.103986479,0.108104192,0.241528913,1,0.406550765,0.167147517,0.104808994,0.0774332136,0.0606945865,0.0516512841,0.0437965617,0.0380205624
1_0_11_12_6_16.bin,lab1-SF12-TP6,1,0,11,6,12,6,16,,-32.2262837,0.805083632,1.36612666,0.0290146787,0.0714969337,0.0442865044,0.0946529731,0.0718162805,0.138874426,0.149489239,0.312355667,1,0.688350141,0.251925737,0.157781303,0.112659663,0.0897526518,0.0716334805,0.0629838705,0.0537151173
1_0_11_12_6_16.bin,lab1-SF12-TP6,1,0,11,6,12,6,16,,-32.0158689,2.7969408,1.01691437,0.0225154534,0.0630791634,0.0351814777,0.080559738,0.0585806742,0.119638704,0.12604174,0.273612171,1,0.514610827,0.203007624,0.126796246,0.0929161161,0.0723723918,0.0610605963,0.0510899127,0.0444421433
1_0_11_12_6_16.bin,lab1-SF12-TP6,1,0,11,6,12,6,16,,-33.171559,0.712820411,1.38623905,0.0289265309,0.0740464404,0.0420344472,0.0950809792,0.0718390495,0.140514657,0.148219734,0.314210534,1,0.694343388,0.256954342,0.156692073,0.115280733,0.0880474374,0.0735864937,0.0627006367,0.0550277121
1_0_11_12_6_16.bin,lab1-SF12-TP6,1,0,11,6,12,6,16,,-33.3087957,0.19061026,1.46544743,0.029713003,0.0754228681,0.0463601872,0.0984117538,0.0730572268,0.145734295,0.153043002,0.322016329,1,0.736134768,0.268110961,0.163628906,0.120081082,0.0925920606,0.07717219,0.0646634325,0.0579041988
1_0_11_12_6_16.bin,lab1-SF12-TP6,1,0,11,6,12,6,16,,-32.6143074,0.993338525,1.28707588,0.02785201,0.0708326399,0.0417799279,0.0906198919,0.0685613006,0.135352999,0.145506963,0.303612769,1,0.654310703,0.244034946,0.151601553,0.109591946,0.0864590332,0.0720546916,0.0605804659,0.0521845557
1_0_12_12_6_16.bin,lab1-SF12-TP6,1,0,12,6,12,6,16,,-32.5076553,-1.14008617,1.74842584,0.0574040562,0.0687008947,0.0778257325,0.0969061032,0.117362648,0.162551433,0.246625066,0.606858969,1,0.621510208,0.25357157,0.162398294,0.122906856,0.0963141471,0.0790858567,0.0679469034,0.059076637
1_0_12_12_6_16.bin,lab1-SF12-TP6,1,0,12,6,12,6,16,,-31.8317155,3.46712685,0.952383637,0.0207127407,0.0590792634,0.0325543806,0.0764561668,0.0554485992,0.11214307,0.118443578,0.259501934,1,0.467663556,0.187446341,0.120386094,0.0857644677,0.0681437626,0.0554472916,0.0487343818,0.0418259911
1_0_12_12_6_16.bin,lab1-SF12-TP6,1,0,12,6,12,6,16,,-32.0631341,2.8034687,1.02212894,0.0242374111,0.0622013621,0.035671778,0.0809466913,0.0596197397,0.118522421,0.127203763,0.271854281,1,0.516963422,0.202110589,0.127255708,0.0920054689,0.0732728466,0.0589446127,0.0526643358,0.0441493094
1_0_12_12_6_16.bin,lab1-SF12-TP6,1,0,12,6,12,6,16,,-32.0799129,4.86961508,0.858120084,0.0170915388,0.0530136153,0.0267140828,0.0673022419,0.0467403382,0.0990463346,0.102817759,0.23222129,1,0.381671309,0.158302814,0.100710794,0.0732564703,0.0595206097,0.0480849519,0.0422531404,0.0353021882
1_0_12_12_6_16.bin,lab1-SF12-TP6,1,0,12,6,12,6,16,,-32.0707927,4.43129301,0.883954227,0.0185015909,0.0546843857,0.0281958804,0.0694396496,0.0496997386,0.103547134,0.10750223,0.240907133,1,0.406817287,0.166411802,0.106522076,0.0775540546,0.061576508,0.0503259003,0.0439803377,0.0380133092
1_0_12_12_6_16.bin,lab1-SF12-TP6,1,0,12,6,12,6,16,,-31.8514189,1.21233654,1.28309917,0.0287864264,0.0697531626,0.0427750349,0.09058512,0.0691630468,0.134856924,0.144436821,0.303907394,1,0.648818254,0.241488993,0.150908291,0.10867551,0.0853576288,0.0696477816,0.0607420765,0.0513424128
1_0_12_12_6_16.bin,lab1-SF12-TP6,1,0,12,6,12,6,16,,-32.1512569,9.70189095,0.69781667,0.0042879032,0.0338850245,0.00943540502,0.0426778831,0.0196656082,0.0610799715,0.0527221486,0.144356802,1,0.177610949,0.0801512972,0.0527057461,0.0383922458,0.0315678902,0.0248523075,0.0217495747,0.0188788809
1_0_12_12_6_16.bin,lab1-SF12-TP6,1,0,12,6,12,6,16,,-30.7623612,4.33984518,0.887910247,0.0183959454,0.0556168556,0.0287317373,0.0703675374,0.0502839647,0.103320628,0.108862735,0.240979955,1,0.411603153,0.168318734,0.106815673,0.0772376135,0.061389342,0.0497591086,0.0437993109,0.0371204391
1_0_12_12_6_16.bin,lab1-SF12-TP6,1,0,12,6,12,6,16,,-31.5010535,3.71929216,0.932402611,0.0201766621,0.0580282919,0.0318246521,0.0737973005,0.054257255,0.109369867,0.115655921,0.253291547,1,0.450918585,0.180464193,0.115327202,0.0832965672,0.0661413893,0.0533771925,0.0468966514,0.0398616157
1_0_12_12_6_16.bin,lab1-SF12-TP6,1,0,12,6,12,6,16,,-31.4362678,11.4660416,0.662073016,0.00406106887,0.0280170161,0.00587999355,0.0338861123,0.0112990197,0.0479591265,0.0332068242,0.10931246,1,0.123139761,0.0561193377,0.0370704159,0.0266004186,0.0224334262,0.0180292819,0.0159602668,0.0130732907
1_0_12_12_6_16.bin,lab1-SF12-TP6,1,0,12,6,12,6,16,,-31.7337899,13.5378056,0.626775682,0.00718277832,0.0215059798,0.00604836177,0.0244087391,0.00720747141,0.0320624709,0.0183000527,0.0675088763,1,0.0664189458,0.0304780342,0.021739604,0.0146971112,0.0127397636,0.00967282616,0.00892899092,0.0078566391
1_0_13_12_6_16.bin,lab1-SF12-TP6,1,0,13,6,12,6,16,,-38.9206741,5.35948753,0.742063105,0.0105221635,0.0423707142,0.0163908992,0.0513032638,0.0311159268,0.0739095956,0.0720034316,0.175786406,1,0.242706612,0.104088642,0.069709979,0.0497792587,0.0421758592,0.0323664024,0.0293853506,0.0255476832
1_0_13_12_6_16.bin,lab1-SF12-TP6,1,0,13,6,12,6,16,,-41.1047744,6.50410318,0.677931786,0.00541723846,0.0329681113,0.00820679404,0.0384778082,0.016311815,0.0538578108,0.0408311673,0.128443047,1,0.145262733,0.0669072568,0.0420232788,0.0336745903,0.0256624129,0.023974739,0.0177006051,0.0170990266
1_0_13_12_6_16.bin,lab1-SF12-TP6,1,0,13,6,12,6,16,,-41.3333725,6.32769537,0.631884217,0.0134322392,0.0269287769,0.00889862701,0.0310610589,0.00951303728,0.0370480455,0.0212645028,0.0776216984,1,0.0712849125,0.0372155346,0.0227458179,0.0206036791,0.0134578496,0.0141801508,0.00996207539,0.0129562654
1_0_13_12_6_16.bin,lab1-SF12-TP6,1,0,13,6,12,6,16,,-41.1582349,7.01554251,0.61484313,0.0124751795,0.0207959786,0.01344267,0.0232267007,0.0142977228,0.0270240139,0.0162582025,0.0525959879,1,0.0460073091,0.0238864366,0.0139577854,0.0131489271,0.00998947583,0.0105567789,0.00834929757,0.00966861565
1_0_13_12_6_16.bin,lab1-SF12-TP6,1,0,13,6,12,6,16,,-40.9073827,6.29627895,0.669036627,0.0318473279,0.00635247678,0.0398879424,0.0113804331,0.0518310256,0.0301581025,0.0870980471,0.13650988,1,0.112897448,0.0584895946,0.0429951176,0.0293872654,0.0256760158,0.022440169,0.0204337202,0.0147892525
1_0_13_12_6_16.bin,lab1-SF12-TP6,1,0,13,6,12,6,16,,-40.7784712,3.32663584,0.831921101,0.0528296269,0.0241729692,0.0636620596,0.0420330912,0.0927024186,0.0802087188,0.178632721,0.358519137,1,0.211019486,0.118491516,0.0832515061,0.0623716302,0.0540052429,0.0419775769,0.0378947593,0.0303595457
1_0_13_12_6_16.bin,lab1-SF12-TP6,1,0,13,6,12,6,16,,-39.4843007,6.89358711,0.671769559,0.0301468279,0.00890668761,0.0353664607,0.0177173298,0.0473988652,0.0358727202,0.0857269317,0.146709993,1,0.109622039,0.065263547,0.0394517407,0.0355805606,0.0221710056,0.0253680646,0.0150150787,0.0179087501
1_0_13_12_6_16.bin,lab1-SF12-TP6,1,0,13,6,12,6,16,,-39.8158168,4.39599228,0.769198835,0.0442823209,0.018439278,0.0537290238,0.0334274471,0.078891784,0.067524448,0.145587608,0.287804365,1,0.182927296,0.10106916,0.0686901435,0.0553489178,0.0422132611,0.0383296981,0.0309852827,0.0299857389
1_0_13_12_6_16.bin,lab1-SF12-TP6,1,0,13,6,12,6,16,,-40.3118945,0.459884703,1.22215867,0.067380935,0.0436675213,0.0881090015,0.0712253004,0.124999069,0.132837653,0.262666762,0.63218236,1,0.273727208,0.165876284,0.109575845,0.0896978751,0.0700330436,0.0628567785,0.0489906222,0.048028551
1_0_13_12_6_16.bin,lab1-SF12-TP6,1,0,13,6,12,6,16,,-40.7778656,3.53322601,0.81246978,0.0503514297,0.0233627427,0.0633328184,0.0385225341,0.0879560336,0.0793454796,0.167325824,0.336874723,1,0.207156196,0.109490983,0.082035467,0.0593069978,0.0521252379,0.0392456092,0.0373395346,0.0296981353
1_0_13_12_6_16.bin,lab1-SF12-TP6,1,0,13,6,12,6,16,,-39.2106433,4.91456747,0.751094341,0.0431347787,0.0176142659,0.0495841093,0.0319559872,0.0711714402,0.0663250536,0.136241019,0.264837503,1,0.169340461,0.0991861522,0.0635616407,0.053041175,0.0394800119,0.0381011665,0.0274073947,0.0279223025
1_0_14_12_6_16.bin,lab1-SF12-TP6,1,0,14,6,12,6,16,,-42.7534308,1.75694788,0.718764067,0.0111523867,0.0429539606,0.0111647518,0.0539150052,0.0213446394,0.0755831823,0.0587428808,0.164855018,1,0.204894006,0.10132809,0.0547003597,0.0494776182,0.0347523764,0.0386721045,0.0238476023,0.0285414271
1_0_14_12_6_16.bin,lab1-SF12-TP6,1,0,14,6,12,6,16,,-42.9799129,1.75451076,0.638474524,0.0290307384,0.0123533625,0.0337271318,0.0119757419,0.0458615609,0.0174331721,0.0707222372,0.0818817765,1,0.0852229446,0.0375911705,0.0349346586,0.0186875667,0.0255048554,0.0170892682,0.0207241513,0.0145323034
1_0_14_12_6_16.bin,lab1-SF12-TP6,1,0,14,6,12,6,16,,-43.0121841,1.83870554,0.628384471,0.0275373422,0.0126252705,0.0345310643,0.0145888431,0.0393415764,0.0155840646,0.0682540387,0.0656941831,1,0.072533451,0.0317771733,0.0296255015,0.0167035982,0.0215776209,0.0127092954,0.021324683,0.0116168456
1_0_14_12_6_16.bin,lab1-SF12-TP6,1,0,14,6,12,6,16,,-42.4556731,3.63756132,0.647465825,0.0347185358,0.0111291511,0.0389861576,0.0109640341,0.0502130017,0.0185077451,0.0763855949,0.0980967134,1,0.0941969454,0.0428320989,0.0398874395,0.0219789278,0.0265663061,0.0127365217,0.0202963594,0.00965369027
1_0_14_12_6_16.bin,lab1-SF12-TP6,1,0,14,6,12,6,16,,-43.0460986,1.39370549,0.662551105,0.0365713574,0.011475971,0.0435131975,0.0127979666,0.0527447015,0.0253375657,0.0897296369,0.124723479,1,0.10849572,0.0540556796,0.0438082851,0.0279015396,0.0331834517,0.0155879362,0.0251545589,0.0161046889
1_0_14_12_6_16.bin,lab1-SF12-TP6,1,0,14,6,12,6,16,,-42.8424402,2.45062041,0.616090655,0.0286745243,0.0173639785,0.0321184769,0.010759037,0.0349171273,0.0180486739,0.0529451929,0.0466893315,1,0.0544693992,0.0238716062,0.0272423699,0.0143375592,0.0219076723,0.0110628214,0.0171223506,0.0111555317
1_0_14_12_6_16.bin,lab1-SF12-TP6,1,0,14,6,12,6,16,,-42.9489395,2.04913378,0.631219923,0.0337118581,0.0147100715,0.0346256569,0.0128473546,0.0419818759,0.0162729677,0.0651032031,0.0705187097,1,0.0752356648,0.0351818763,0.0329734087,0.0180984903,0.0217177458,0.0116544394,0.019177055,0.0115570882
1_0_14_12_6_16.bin,lab1-SF12-TP6,1,0,14,6,12,6,16,,-42.8557318,1.22886753,0.704669774,0.0427275226,0.013887818,0.0499844924,0.0156776384,0.0658968836,0.040417254,0.117447771,0.189025879,1,0.14830552,0.0740115941,0.0590507947,0.0395344719,0.0394275375,0.0248882864,0.0293111727,0.0199052114
1_0_14_12_6_16.bin,lab1-SF12-TP6,1,0,14,6,12,6,16,,-42.8762047,-0.90765214,0.936052501,0.0664955601,0.0270627961,0.077292338,0.0452930555,0.112543255,0.0966122597,0.215982229,0.453626037,1,0.248808101,0.129789606,0.101708464,0.0657915175,0.0656846017,0.0491713881,0.0489144959,0.0362929478
1_0_14_12_6_16.bin,lab1-SF12-TP6,1,0,14,6,12,6,16,,-43.1459701,-0.766048074,0.877613306,0.0607836358,0.02683625,0.0770900473,0.036855232,0.102772839,0.0912330896,0.196500421,0.404293835,1,0.231388628,0.121086471,0.092871666,0.0632610247,0.0611945763,0.0404511578,0.0465378985,0.031870842
1_0_14_12_6_16.bin,lab1-SF12-TP6,1,0,14,6,12,6,16,,-43.766355,-3.12587762,1.12180185,0.0745517015,0.0332985185,0.090049088,0.0568917915,0.127729744,0.118604854,0.255247891,0.574992955,1,0.274856776,0.153578043,0.116454437,0.0800836608,0.0739586726,0.056707222,0.0567442812,0.0439714417
1_0_15_12_6_16.bin,lab1-SF12-TP6,1,0,15,6,12,6,16,,-45.1900213,-5.4870944,1.34243846,0.0259311628,0.0781760365,0.0448841713,0.0900106952,0.0662105531,0.146516666,0.140725315,0.321398258,1,0.673118889,0.257390022,0.147351816,0.122024678,0.0848065093,0.0719861835,0.0602915585,0.0546482578
1_0_15_12_6_16.bin,lab1-SF12-TP6,1,0,15,6,12,6,16,,-45.453357,-5.82392311,1.25156391,0.0274239257,0.0672407225,0.0446250476,0.107933968,0.066474922,0.136851236,0.129788518,0.30062151,1,0.631676912,0.2419447,0.133860007,0.110271923,0.0842258632,0.0793785006,0.0598516986,0.0571775585
1_0_15_12_6_16.bin,lab1-SF12-TP6,1,0,15,6,12,6,16,,-45.862821,-4.32855034,0.786831141,0.0195674002,0.0475218259,0.0287518427,0.0647406802,0.0413376242,0.0935537219,0.0833261237,0.204981968,1,0.296937972,0.132557318,0.0859019086,0.0709602088,0.0407863669,0.0499098189,0.0428305306,0.0280668288
1_0_15_12_6_16.bin,lab1-SF12-TP6,1,0,15,6,12,6,16,,-45.9163933,-4.13515949,0.756946385,0.0234470591,0.0511711128,0.0172383785,0.0595301539,0.0322323143,0.0758930147,0.0604376607,0.190412983,1,0.257478863,0.129351795,0.0713246167,0.0611121766,0.0394762084,0.0434837602,0.0318769962,0.0360957421
1_0_15_12_6_16.bin,lab1-SF12-TP6,1,0,15,6,12,6,16,,-45.8036477,-4.09699678,0.758485138,0.0230316147,0.0508159623,0.0233817287,0.0630883276,0.0305696204,0.0959659219,0.0692169219,0.186842293,1,0.2647762,0.126494035,0.0859058946,0.0587947667,0.0356649905,0.0455983579,0.0348010771,0.0312737674
1_0_15_12_6_16.bin,lab1-SF12-TP6,1,0,15,6,12,6,16,,-46.396286,-3.52052164,0.716931283,0.0181008112,0.0448109098,0.0220287256,0.0549531952,0.0259501133,0.0762132183,0.0612114407,0.155655816,1,0.208471254,0.0918067694,0.0657109693,0.0527156182,0.0387488566,0.0442367531,0.0299042463,0.0308212992
1_0_15_12_6_16.bin,lab1-SF12-TP6,1,0,15,6,12,6,16,,-47.1379761,-5.24680614,0.633586526,0.0308303647,0.0306895394,0.0276051629,0.0355176777,0.0303146895,0.0415136442,0.0289208237,0.0662081242,1,0.0866610259,0.0400848091,0.0323637947,0.0384636037,0.0302101541,0.027948143,0.0264762305,0.0291792154
1_0_15_12_6_16.bin,lab1-SF12-TP6,1,0,15,6,12,6,16,,-44.847523,-2.42920065,0.66500479,0.0196634773,0.039308168,0.0199525282,0.0507690609,0.0243838578,0.0586132258,0.0359645486,0.119055912,1,0.120510682,0.0660892278,0.034345068,0.0391257592,0.0200670045,0.0290118456,0.0199922621,0.0249973312
1_0_15_12_6_16.bin,lab1-SF12-TP6,1,0,15,6,12,6,16,,-45.0126082,-2.423388,0.681519985,0.0179730169,0.0385353155,0.0157578811,0.0420828685,0.0209945366,0.0619177781,0.0446443111,0.134650484,1,0.14726162,0.0724780932,0.0392168052,0.0461227149,0.0315557681,0.0285926815,0.0211171471,0.0269036368
1_0_15_12_6_16.bin,lab1-SF12-TP6,1,0,15,6,12,6,16,,-45.3534602,-2.5671711,0.608268142,0.0239542481,0.0278627686,0.0271501765,0.027731413,0.0263955612,0.0257769674,0.0322840847,0.0456330441,1,0.0326605625,0.0215211846,0.0240736529,0.0218913611,0.0230820365,0.025560474,0.0209769458,0.0237714872
1_0_16_12_6_16.bin,lab1-SF12-TP6,1,0,16,6,12,6,16,,-43.383651,-1.31054616,0.911491334,0.0620839112,0.0286828578,0.0825015232,0.0456418097,0.10685499,0.0974522084,0.207236379,0.434838355,1,0.235241532,0.124347746,0.102431707,0.0687671527,0.0662996098,0.040454641,0.0506895743,0.0337590538
1_0_16_12_6_16.bin,lab1-SF12-TP6,1,0,16,6,12,6,16,,-43.1521212,-2.89377666,1.39002264,0.0822302029,0.0390730612,0.101684928,0.0627915114,0.146034703,0.135137677,0.294906527,0.710220337,1,0.300613642,0.172025174,0.127223536,0.0895139799,0.0832657292,0.0574881025,0.0666262507,0.0438754968
1_0_16_12_6_16.bin,lab1-SF12-TP6,1,0,16,6,12,6,16,,-43.2637197,-0.398215353,0.774215758,0.0500024296,0.0178020447,0.0590727404,0.0277806893,0.0833086148,0.0609049872,0.155266792,0.284529835,1,0.195255071,0.0987227708,0.0743510202,0.0519858561,0.046290569,0.0348251238,0.0401472896,0.0232377239
1_0_16_12_6_16.bin,lab1-SF12-TP6,1,0,16,6,12,6,16,,-43.39799,-2.40738058,1.06170332,0.0725815445,0.035574358,0.0816450268,0.0525988229,0.12050882,0.111565314,0.246691823,0.5455845,1,0.268383056,0.147177786,0.107539907,0.0739253759,0.0738280714,0.0494012386,0.0585033,0.0345439836
1_0_16_12_6_16.bin,lab1-SF12-TP6,1,0,16,6,12,6,16,,-43.4746757,-0.420394123,0.758453488,0.0500234775,0.01754486,0.0561193191,0.0273906384,0.0806131735,0.0566950999,0.149470881,0.267458737,1,0.182547554,0.0901416615,0.0806805789,0.0444182418,0.0517124608,0.0296832956,0.038612932,0.0225570165
1_0_16_12_6_16.bin,lab1-SF12-TP6,1,0,16,6,12,6,16,,-43.2209387,-0.20271273,0.740192652,0.046739798,0.0171383712,0.054171212,0.028496189,0.078218095,0.0553908832,0.1374349,0.246120691,1,0.166433603,0.0863980949,0.0712942556,0.0449021831,0.0417793542,0.029650053,0.0357162841,0.0227152258
1_0_16_12_6_16.bin,lab1-SF12-TP6,1,0,16,6,12,6,16,,-43.0578279,1.64856696,0.67846489,0.0387034081,0.0119285043,0.0459823459,0.0139470156,0.0577882603,0.0322937258,0.0985788703,0.148004547,1,0.126004934,0.0614713654,0.0505328625,0.0280494317,0.0328056999,0.0235943682,0.0268362369,0.0156122809
1_0_16_12_6_16.bin,lab1-SF12-TP6,1,0,16,6,12,6,16,,-43.2768291,-1.26493335,0.944072306,0.0606477112,0.0274041705,0.0853707641,0.0448627472,0.112846307,0.0931386426,0.220142126,0.461065471,1,0.249842197,0.130841434,0.103371523,0.0734966472,0.0736089274,0.0458894409,0.0512519889,0.0366139151
1_0_16_12_6_16.bin,lab1-SF12-TP6,1,0,16,6,12,6,16,,-44.8743497,-5.47213125,1.33055055,0.0742176846,0.0398846567,0.103140041,0.0622151308,0.142941087,0.131564707,0.282824576,0.683567524,1,0.296690643,0.164441258,0.12934947,0.0888972953,0.085236989,0.0612692237,0.056249246,0.0462671667
1_0_16_12_6_16.bin,lab1-SF12-TP6,1,0,16,6,12,6,16,,-43.9611963,-1.35659146,0.853391886,0.0581486784,0.0253158137,0.0755439773,0.0344496891,0.0996439233,0.0881825462,0.19347316,0.380617023,1,0.222888023,0.116546854,0.0911962613,0.0628321692,0.056176208,0.0357867517,0.0521040112,0.0292235464
1_0_16_12_6_16.bin,lab1-SF12-TP6,1,0,16,6,12,6,16,,-43.1063953,-0.864864945,0.779070795,0.0528815165,0.021218732,0.0596352667,0.0294943973,0.0863208473,0.0639117137,0.157338217,0.296220839,1,0.189856395,0.100967735,0.0778900012,0.0519075543,0.0519682132,0.0349171944,0.0364157856,0.0266471375
1_0_16_12_6_16.bin,lab1-SF12-TP6,1,0,16,6,12,6,16,,-43.4177721,-0.897874594,0.816311955,0.0569027066,0.0187473465,0.0680308267,0.0319959037,0.0924759731,0.0750865042,0.176449761,0.33726415,1,0.211517707,0.107466079,0.0859578848,0.0558856279,0.0566060171,0.0395130143,0.0415502191,0.0276576411
1_0_8_12_6_16.bin,lab1-SF12-TP6,1,0,8,6,12,6,16,,-19.9362496,12.827322,0.666052818,0.00363990152,0.0292504244,0.00546057941,0.0354743786,0.0116136642,0.0499092676,0.035635367,0.114482507,1,0.128754273,0.0589160323,0.038179487,0.0285392981,0.0225958284,0.0192935374,0.0163978226,0.0140581727
1_0_8_12_6_16.bin,lab1-SF12-TP6,1,0,8,6,12,6,16,,-19.9877571,18.2775192,0.607696235,0.0127445972,0.0159354731,0.0127874482,0.0168471206,0.012413742,0.0195822231,0.0144024044,0.0403517969,1,0.0367306843,0.0171787087,0.0116848154,0.00894999783,0.00713566272,0.00604340155,0.00503002247,0.00466762856
1_0_8_12_6_16.bin,lab1-SF12-TP6,1,0,8,6,12,6,16,,-20.2601497,14.1848431,0.643071711,0.0273400005,0.00481021777,0.0317326002,0.00703912321,0.0404521041,0.0191207509,0.0676636621,0.0959524438,1,0.0838282853,0.0454159565,0.0310794786,0.023848189,0.0188682266,0.0159419887,0.0137820905,0.0120533574
1_0_8_12_6_16.bin,lab1-SF12-TP6,1,0,8,6,12,6,16,,-19.6008168,2.66790152,1.05030823,0.0638521537,0.0357831009,0.080754146,0.0585596748,0.116242208,0.116116732,0.236421138,0.539051294,1,0.258278012,0.149849653,0.10511753,0.0816598907,0.0662970096,0.0559786707,0.0482682474,0.0426413342
1_0_8_12_6_16.bin,lab1-SF12-TP6,1,0,8,6,12,6,16,,-20.3424602,7.02553272,0.774274588,0.0455288738,0.0189157948,0.056122873,0.0329817645,0.078411527,0.0681401789,0.149284795,0.291044474,1,0.18469359,0.102638468,0.0712605491,0.0545963086,0.0443739966,0.0372617319,0.0317518562,0.0281571243
1_0_8_12_6_16.bin,lab1-SF12-TP6,1,0,8,6,12,6,16,,-20.3917898,0.304856181,1.47618484,0.0762935579,0.0455760136,0.0978394598,0.0741569027,0.142219499,0.147913456,0.299165547,0.75489074,1,0.298436433,0.176323026,0.12526159,0.0972781852,0.0795216858,0.0677698776,0.058285024,0.0514965206
1_0_8_12_6_16.bin,lab1-SF12-TP6,1,0,8,6,12,6,16,,-19.8389135,0.693784118,1.3927834,0.0745298415,0.0440476649,0.0948861837,0.0715565309,0.137964502,0.142587945,0.288419098,0.712841332,1,0.292818725,0.172234356,0.122447088,0.0943644196,0.0774311498,0.0655559674,0.0569025427,0.04975852
1_0_8_12_6_16.bin,lab1-SF12-TP6,1,0,8,6,12,6,16,,-19.508267,1.84145415,1.19302142,0.026373079,0.0687461644,0.0397067331,0.0882122666,0.0664094388,0.130301178,0.138477772,0.295786828,1,0.608707428,0.231486782,0.143217772,0.104636654,0.0816294551,0.0674581528,0.0572599843,0.0500361733
1_0_8_12_6_16.bin,lab1-SF12-TP6,1,0,8,6,12,6,16,,-19.4591501,4.88130474,0.875269413,0.0173391849,0.0541698225,0.0271149557,0.069374688,0.0477159731,0.102480538,0.105238646,0.237512976,1,0.398966312,0.16477415,0.10404183,0.0762170181,0.0602550171,0.0496937931,0.0424904972,0.0372545347
1_0_8_12_6_16.bin,lab1-SF12-TP6,1,0,8,6,12,6,16,,-19.4740857,4.60389709,0.889791608,0.0178009253,0.0554590225,0.0285505895,0.070825316,0.0495242327,0.105018787,0.108309612,0.243264452,1,0.413592756,0.170021176,0.107165918,0.0784946159,0.0617124364,0.0511296503,0.0435509048,0.0381985046
1_0_8_12_6_16.bin,lab1-SF12-TP6,1,0,8,6,12,6,16,,-20.241983,12.5396404,0.669943631,0.00344968634,0.0298376009,0.00574177271,0.0364922397,0.0128753167,0.051029738,0.0372029021,0.117558956,1,0.135426417,0.0615197532,0.0401302949,0.0299637858,0.0237714462,0.0199986361,0.0173298232,0.0150063653
1_0_9_12_6_16.bin,lab1-SF12-TP6,1,0,9,6,12,6,16,,-22.1343866,4.25451946,0.90857017,0.0185666531,0.0566944033,0.029700378,0.0727697909,0.0507226177,0.106898978,0.110867843,0.248074368,1,0.431628942,0.176483631,0.110869899,0.0806685686,0.063416712,0.0531983636,0.0451464504,0.0398253165
1_0_9_12_6_16.bin,lab1-SF12-TP6,1,0,9,6,12,6,16,,-20.8493936,5.86001015,0.825906754,0.0145048108,0.0502746888,0.023739323,0.0638724118,0.0423960239,0.094408758,0.0953026116,0.220323071,1,0.347109973,0.146295309,0.0932050869,0.0685045421,0.0542621315,0.0447826944,0.0384227447,0.0334359519
1_0_9_12_6_16.bin,lab1-SF12-TP6,1,0,9,6,12,6,16,,-21.780795,2.90163088,1.03369629,0.0231279209,0.0631817058,0.0355329849,0.0811225995,0.0598193817,0.120029129,0.127389789,0.274714768,1,0.524907589,0.205222011,0.129014596,0.0933968872,0.0739833415,0.0605288185,0.0520976782,0.044979617
1_0_9_12_6_16.bin,lab1-SF12-TP6,1,0,9,6,12,6,16,,-23.6637367,8.64300346,0.735623717,0.00736656087,0.0401386395,0.0142680267,0.0506458469,0.0272577237,0.0726232156,0.0665831715,0.171442628,1,0.233332068,0.102935888,0.0660938099,0.0486754999,0.0384885445,0.0319132544,0.0273042042,0.0240141358
1_0_9_12_6_16.bin,lab1-SF12-TP6,1,0,9,6,12,6,16,,-23.1254776,9.83183098,0.709152699,0.00546787493,0.0363366753,0.0101587651,0.0450782515,0.022381939,0.0660147518,0.0587277599,0.155140549,1,0.193829283,0.0872595012,0.0570265055,0.0424877331,0.0337986052,0.0279775504,0.0235864297,0.0205610376
1_0_9_12_6_16.bin,lab1-SF12-TP6,1,0,9,6,12,6,16,,-23.1289288,7.61488914,0.763485372,0.00972991437,0.0440855324,0.017122861,0.0551691353,0.0326375589,0.0808786228,0.077020213,0.190293431,1,0.270257324,0.117726326,0.0754009038,0.0560905635,0.0439509749,0.0365085751,0.0313289687,0.0274433866
1_0_9_12_6_16.bin,lab1-SF12-TP6,1,0,9,6,12,6,16,,-23.1277464,2.56081843,1.07115424,0.0235845018,0.0648170337,0.0364829525,0.0834122226,0.0616721809,0.123553351,0.130158007,0.282012343,1,0.548575759,0.213682801,0.133002549,0.0968204737,0.0757355541,0.0630574822,0.0532982163,0.0467058085
1_0_9_12_6_16.bin,lab1-SF12-TP6,1,0,9,6,12,6,16,,-23.2882859,3.71192002,0.95070827,0.020461034,0.0592032894,0.0319720134,0.0761539564,0.0545993596,0.112679042,0.117115133,0.259509444,1,0.466588914,0.187973231,0.117298268,0.0864054561,0.0677352324,0.0561306551,0.047792457,0.0418290198
1_0_9_12_6_16.bin,lab1-SF12-TP6,1,0,9,6,12,6,16,,-22.5529714,-0.884157658,1.74256825,0.0679256767,0.0601700358,0.0887658149,0.088981688,0.133211553,0.161817431,0.2811625,0.719510913,1,0.490196735,0.22544758,0.150545567,0.113822415,0.0911593959,0.0771380886,0.0660305619,0.0575794764
1_0_9_12_6_16.bin,lab1-SF12-TP6,1,0,9,6,12,6,16,,-24.5002622,-1.0267632,1.76479697,0.0568049289,0.0697349161,0.0770480856,0.0975193754,0.116882056,0.16358836,0.245865226,0.60275048,1,0.634952843,0.25621593,0.163894773,0.122079298,0.0968097001,0.0807857737,0.0689181685,0.0608932339
1_1_0_12_6_16.bin,lab1-SF12-TP6,1,1,0,6,12,6,16,,-39.8416663,8.51914787,0.60250634,0.0145983016,0.0117189018,0.0151978992,0.0138030257,0.0152713917,0.0127093382,0.0210051443,0.0301597938,1,0.0303471256,0.013771601,0.0105891498,0.00820875261,0.00819409173,0.00808141194,0.00652307319,0.00718066981
1_1_0_12_6_16.bin,lab1-SF12-TP6,1,1,0,6,12,6,16,,-40.4505879,7.61060619,0.653253198,0.0293394122,0.00848868955,0.0347818732,0.0120354844,0.043489553,0.0269369986,0.0748996139,0.114175841,1,0.0937206075,0.0536264963,0.0335187949,0.0299946181,0.0210440513,0.0212677289,0.016396651,0.0169838388
1_1_0_12_6_16.bin,lab1-SF12-TP6,1,1,0,6,12,6,16,,-40.5782046,4.72132397,0.767782211,0.0442646816,0.0194955748,0.0557291582,0.0328836069,0.0786774009,0.0681501925,0.144856781,0.284066409,1,0.181526572,0.101504348,0.069257006,0.0556908138,0.043679025,0.0388001502,0.0301110204,0.0284815952
1_1_0_12_6_16.bin,lab1-SF12-TP6,1,1,0,6,12,6,16,,-40.4809324,-1.38026476,1.66577506,0.0683099777,0.0584818982,0.0905239508,0.0859556347,0.133250788,0.157726422,0.278422236,0.695318639,1,0.465017438,0.220177844,0.144114166,0.111864693,0.085975647,0.0755756348,0.0636347607,0.0570639484
1_1_0_12_6_16.bin,lab1-SF12-TP6,1,1,0,6,12,6,16,,-40.5289735,-1.65213156,1.72720027,0.0579227842,0.0677692443,0.0795141309,0.0944229215,0.118510559,0.160370454,0.253468275,0.624112785,1,0.582880557,0.246521801,0.158926427,0.119004339,0.0935867876,0.081290476,0.0695941523,0.0595537573
1_1_0_12_6_16.bin,lab1-SF12-TP6,1,1,0,6,12,6,16,,-40.3888002,7.96771336,0.644196332,0.00669034105,0.0219752025,0.00698222546,0.0284250788,0.0125079742,0.0376488976,0.0272179618,0.088010326,1,0.0956952646,0.0402066968,0.031869974,0.0182322916,0.0202407949,0.0129812025,0.0141882896,0.010206637
1_1_0_12_6_16.bin,lab1-SF12-TP6,1,1,0,6,12,6,16,,-40.6753961,8.24006939,0.604908705,0.0146437678,0.0157355946,0.0154514685,0.0149749322,0.0141708767,0.0176832844,0.0189172011,0.0364258401,1,0.0316778533,0.0155093819,0.0107556749,0.011698422,0.00764543004,0.00620773016,0.00639563194,0.00698413141
1_1_0_12_6_16.bin,lab1-SF12-TP6,1,1,0,6,12,6,16,,-40.4311979,4.27211571,0.780723691,0.0123882256,0.0481095873,0.0198995415,0.0587643534,0.0356869102,0.0871060044,0.0821721852,0.201111645,1,0.291942567,0.127481923,0.0815756992,0.0613507032,0.0465066321,0.0405290462,0.0334868431,0.0290213935
1_1_0_12_6_16.bin,lab1-SF12-TP6,1,1,0,6,12,6,16,,-42.9765798,1.8418982,0.775716424,0.0129053937,0.0499886572,0.0179694649,0.0611130856,0.0307812616,0.0888102502,0.0774953514,0.202356756,1,0.281241804,0.129051417,0.0715626851,0.0599881038,0.0417628326,0.0470407419,0.0300869923,0.0318040736
1_1_1_12_6_16.bin,lab1-SF12-TP6,1,1,1,6,12,6,16,,-43.1819182,1.14862871,0.607517242,0.0243770517,0.0160219353,0.0247657541,0.0185832735,0.0308077,0.0157705583,0.0379215889,0.0356113315,1,0.0396691933,0.0181437973,0.0207307078,0.0144179109,0.0176069252,0.0136912419,0.019245673,0.012908428
1_1_1_12_6_16.bin,lab1-SF12-TP6,1,1,1,6,12,6,16,,-43.2254142,1.58315849,0.691947103,0.0424681604,0.0125049148,0.0434934385,0.0183782429,0.063129507,0.0367910787,0.107770823,0.169336289,1,0.136962235,0.0688924789,0.0540764444,0.0329588465,0.0332813002,0.0214370769,0.0264597703,0.0170706604
1_1_1_12_6_16.bin,lab1-SF12-TP6,1,1,1,6,12,6,16,,-42.9921647,-0.499183357,0.848952711,0.0628948435,0.0247263908,0.0721234456,0.0404458866,0.0997698233,0.0815955624,0.187254474,0.375371218,1,0.222619593,0.121100523,0.0910234079,0.0621685572,0.0598574802,0.0385186858,0.0438913256,0.0307903811
1_1_1_12_6_16.bin,lab1-SF12-TP6,1,1,1,6,12,6,16,,-41.9047279,-1.62337732,1.10297561,0.0733275563,0.0333847664,0.0874131247,0.0610888451,0.127052173,0.116560504,0.253667563,0.566060543,1,0.269792378,0.146417394,0.120320216,0.0783035308,0.0709954351,0.0520720407,0.0582970977,0.0413870364
1_1_1_12_6_16.bin,lab1-SF12-TP6,1,1,1,6,12,6,16,,-42.2539694,0.671356261,0.900641084,0.059783347,0.0261592958,0.0751680881,0.0446029082,0.109346755,0.0933617428,0.206734076,0.425835371,1,0.237803519,0.129337579,0.0965359062,0.0663768947,0.0652280375,0.0438488573,0.0499698259,0.0325134769
1_1_1_12_6_16.bin,lab1-SF12-TP6,1,1,1,6,12,6,16,,-42.6546542,-2.88564253,1.33077753,0.079592891,0.0416727401,0.100773171,0.0655786321,0.144248366,0.136275634,0.28585422,0.681975782,1,0.290324003,0.165029585,0.125301197,0.0885303542,0.0824617669,0.0556716584,0.060783945,0.0410002507
1_1_1_12_6_16.bin,lab1-SF12-TP6,1,1,1,6,12,6,16,,-42.6778089,-2.66561842,0.857087195,0.0617658198,0.0298667476,0.0721416771,0.0385986306,0.103739291,0.0854475796,0.190562278,0.384659499,1,0.223606795,0.120116733,0.0927211121,0.0554393828,0.0657468736,0.0448936,0.0433782712,0.0328291059
1_1_1_12_6_16.bin,lab1-SF12-TP6,1,1,1,6,12,6,16,,-41.7710402,-1.07209003,1.22884309,0.0718249455,0.0387023687,0.0947757959,0.0629721582,0.135271311,0.128640592,0.267089516,0.631668091,1,0.285837829,0.156483516,0.123314194,0.0854532346,0.0773522928,0.0558009446,0.0573501773,0.0454864241
1_1_1_12_6_16.bin,lab1-SF12-TP6,1,1,1,6,12,6,16,,-44.5458106,1.06756854,0.755095482,0.0482219718,0.020556733,0.0578787625,0.0252285022,0.0794394612,0.0568216816,0.140746802,0.262522638,1,0.180338264,0.0912507474,0.0739208981,0.0489948727,0.0449110344,0.0307362005,0.0348138176,0.0286286697
1_1_1_12_6_16.bin,lab1-SF12-TP6,1,1,1,6,12,6,16,,-43.3073012,-2.4054184,0.963846207,0.0623594336,0.0319557749,0.0742713511,0.0509902947,0.11654073,0.0987296328,0.225151509,0.475598544,1,0.248470321,0.133926615,0.106812902,0.0752726644,0.067498222,0.0510751046,0.0503021032,0.0374802873
1_1_2_12_6_16.bin,lab1-SF12-TP6,1,1,2,6,12,6,16,,-56.0496325,-17.6070347,0.798159778,0.114951506,0.12498033,0.10441941,0.124188378,0.102148518,0.135246471,0.147022471,0.269523263,1,0.246822909,0.154009521,0.154081866,0.097263664,0.098385036,0.0930033922,0.118228398,0.093387574
1_1_2_12_6_16.bin,lab1-SF12-TP6,1,1,2,6,12,6,16,,-54.4172699,-13.8404789,0.87195915,0.0615321547,0.0738103017,0.0754584149,0.0781143904,0.0867442191,0.115179487,0.128203884,0.230344251,1,0.394983292,0.177235782,0.140534624,0.0924070925,0.0720090941,0.0695144013,0.0966368541,0.0654532537
1_1_2_12_6_16.bin,lab1-SF12-TP6,1,1,2,6,12,6,16,,-53.6749229,-15.5554981,0.775927186,0.0736398473,0.0983330235,0.0971130133,0.108797342,0.0790536553,0.115456872,0.108743332,0.196276486,1,0.273116082,0.142284647,0.103214636,0.106443174,0.105879679,0.0990622714,0.0916280001,0.0890538469
1_1_2_12_6_16.bin,lab1-SF12-TP6,1,1,2,6,12,6,16,,-53.3993976,-10.525444,0.636992753,0.0519634448,0.0524266213,0.045510523,0.0584683791,0.050181713,0.0574355312,0.0661182255,0.0811932757,1,0.0822306871,0.0700126216,0.0376174897,0.0649478436,0.0500856936,0.0535594001,0.0524101034,0.0480960794
1_1_2_12_6_16.bin,lab1-SF12-TP6,1,1,2,6,12,6,16,,-57.2197768,-16.4863567,0.667771637,0.0860179439,0.10398449,0.0830230564,0.102549098,0.10768456,0.111222588,0.122771792,0.131707191,1,0.111658052,0.110606939,0.0885519832,0.0920987725,0.107049972,0.083940357,0.103339911,0.11050918
1_1_2_12_6_16.bin,lab1-SF12-TP6,1,1,2,6,12,6,16,,-55.5921084,-15.296154,0.686255813,0.0768702403,0.10243728,0.0938759148,0.0884549469,0.0853437632,0.0860287771,0.105172254,0.142285064,1,0.140728235,0.110159166,0.109917186,0.0962792039,0.0956678092,0.104440711,0.10541743,0.0919147581
1_1_2_12_6_16.bin,lab1-SF12-TP6,1,1,2,6,12,6,16,,-59.961674,-19.7329922,0.72483325,0.161418825,0.151603714,0.141022012,0.165643319,0.166983619,0.140405878,0.152882904,0.180898696,1,0.186293274,0.152861044,0.156328648,0.151351556,0.127247781,0.147739649,0.156282187,0.118816406
1_1_2_12_6_16.bin,lab1-SF12-TP6,1,1,2,6,12,6,16,,-56.0213964,-20.5834122,0.837008357,0.202338845,0.203271672,0.220547616,0.169881329,0.17691727,0.17537111,0.194165647,0.317597419,1,0.244955212,0.213799939,0.187216848,0.150731802,0.148206919,0.189458728,0.169012338,0.174735576
1_1_2_12_6_16.bin,lab1-SF12-TP6,1,1,2,6,12,6,16,,-56.0469533,-20.9916115,0.763332903,0.156809017,0.173378497,0.181918189,0.201734275,0.18267335,0.166746661,0.223363653,0.200434372,1,0.234269336,0.174110144,0.221737519,0.15386562,0.182777464,0.167500868,0.139862582,0.142797559
1_1_2_12_6_16.bin,lab1-SF12-TP6,1,1,2,6,12,6,16,,-55.5622671,-18.791954,1.69738328,0.14417012,0.138079822,0.164934307,0.0919606984,0.178504556,0.165346205,0.281954318,0.763576567,1,0.386669278,0.205953389,0.158489928,0.140549168,0.160934091,0.113916144,0.161019593,0.142860532
1_1_2_12_6_16.bin,lab1-SF12-TP6,1,1,2,6,12,6,16,,-54.9954403,-17.7720547,1.36950493,0.127335235,0.148916289,0.168293417,0.169186249,0.200652912,0.199953109,0.288913816,0.643210948,1,0.353250325,0.188551575,0.217401356,0.157814518,0.150063366,0.135052174,0.120109797,0.121630512
1_1_3_12_6_16.bin,lab1-SF12-TP6,1,1,3,6,12,6,16,,-40.5851429,6.03808689,0.721107364,0.00793445762,0.0378053598,0.0151338307,0.0453717895,0.0252572354,0.0693789274,0.0655738935,0.161278874,1,0.21282801,0.0914654732,0.0636082962,0.0418424308,0.0376433022,0.0268134829,0.029006768,0.020959923
1_1_3_12_6_16.bin,lab1-SF12-TP6,1,1,3,6,12,6,16,,-40.4674341,4.3028512,0.803883195,0.0159835778,0.0461967103,0.0229008608,0.0587222539,0.0440017171,0.0893337578,0.0916851535,0.208645403,1,0.322662264,0.1329941,0.0928867087,0.0627663508,0.0518303588,0.0410023518,0.0384894386,0.0282164849
1_1_3_12_6_16.bin,lab1-SF12-TP6,1,1,3,6,12,6,16,,-40.453277,4.257442,0.806740701,0.0153479204,0.0464103967,0.0245078243,0.0588055588,0.0418571606,0.0894284174,0.0918685198,0.210928261,1,0.325626224,0.135782406,0.0917121023,0.0623176843,0.0536569357,0.0417362675,0.0370062217,0.030126702
1_1_3_12_6_16.bin,lab1-SF12-TP6,1,1,3,6,12,6,16,,-40.4446987,8.59036446,0.621115446,0.00890306104,0.0190929603,0.00735221012,0.0225301851,0.00903851166,0.0277340077,0.0193663538,0.0582689159,1,0.0588746965,0.0264307614,0.0196474846,0.0129459249,0.0134881306,0.00812301412,0.0106359152,0.00981334224
1_1_3_12_6_16.bin,lab1-SF12-TP6,1,1,3,6,12,6,16,,-40.4340887,7.59474468,0.663605988,0.00523069315,0.0277178437,0.0075766244,0.0326685607,0.0149221756,0.0442878939,0.0363844149,0.110854641,1,0.125642464,0.054495886,0.0380385667,0.0270045809,0.0249777399,0.0160853118,0.0187774338,0.0138082709
1_1_3_12_6_16.bin,lab1-SF12-TP6,1,1,3,6,12,6,16,,-40.5109188,6.73999453,0.695482373,0.00677405298,0.0336475261,0.0116880182,0.0405039489,0.0214934833,0.0603741743,0.052891694,0.139781237,1,0.175260544,0.0750916153,0.0539824739,0.0369644724,0.0325970724,0.0230638459,0.0233403035,0.0159852896
1_1_3_12_6_16.bin,lab1-SF12-TP6,1,1,3,6,12,6,16,,-40.5135825,8.75751686,0.606486499,0.0199654493,0.0104393531,0.0197117273,0.00933968741,0.0217004772,0.0136212008,0.032907594,0.0384741202,1,0.0334813856,0.0216230322,0.0133468658,0.0112018418,0.00824760646,0.0108822314,0.00673708972,0.00988440588
1_1_3_12_6_16.bin,lab1-SF12-TP6,1,1,3,6,12,6,16,,-40.5183812,7.59545803,0.654895127,0.02833925,0.00741013838,0.0358303413,0.0121982414,0.0423175357,0.0266452469,0.0761680454,0.115168773,1,0.0970420316,0.0520243086,0.0341796689,0.0305708442,0.0209964644,0.0204344559,0.0141452886,0.017283041
1_1_3_12_6_16.bin,lab1-SF12-TP6,1,1,3,6,12,6,16,,-40.5129335,5.92184687,0.719209552,0.038076289,0.0154687883,0.0469790101,0.0266694576,0.063473694,0.0521386117,0.117641322,0.215823546,1,0.15150626,0.0859967247,0.0567115471,0.0447594672,0.0340785049,0.0328924321,0.0256841779,0.0233433098
1_1_3_12_6_16.bin,lab1-SF12-TP6,1,1,3,6,12,6,16,,-40.9830725,6.54018831,0.670351624,0.0333493613,0.0087424973,0.0400985181,0.0126339467,0.0502795093,0.0308234636,0.0902828947,0.137576163,1,0.115430921,0.0610530898,0.0428943001,0.0317527503,0.0261179786,0.0206698086,0.0198611878,0.0176468268
1_1_4_12_6_16.bin,lab1-SF12-TP6,1,1,4,6,12,6,16,,-39.98923,7.40105009,0.653902233,0.0273928382,0.0086460216,0.0309805516,0.0129292188,0.0420778543,0.0281658173,0.0730952695,0.116359942,1,0.0929389596,0.0568257719,0.0353659578,0.0296012312,0.0193219408,0.0213431083,0.0139816329,0.0150159085
1_1_4_12_6_16.bin,lab1-SF12-TP6,1,1,4,6,12,6,16,,-40.1193906,6.82577658,0.682771742,0.0303909034,0.0119484207,0.038382519,0.0176222827,0.0525858589,0.0398361906,0.0935614556,0.162314788,1,0.12098971,0.0707128569,0.0429508798,0.0392000414,0.0263765603,0.0250369962,0.0174721703,0.020033516
1_1_4_12_6_16.bin,lab1-SF12-TP6,1,1,4,6,12,6,16,,-40.1799634,4.02266312,0.81106925,0.0471457466,0.0220922809,0.0597562268,0.0435755737,0.0807395056,0.0820771381,0.160808116,0.336784899,1,0.1995814,0.112740472,0.0757078528,0.0642102659,0.0450157449,0.046556633,0.0313714966,0.0363227576
1_1_4_12_6_16.bin,lab1-SF12-TP6,1,1,4,6,12,6,16,,-40.1714581,3.65232372,0.831567049,0.0501390211,0.0251042806,0.0601785034,0.0443893261,0.0841971785,0.0859820843,0.171703771,0.360424697,1,0.20629327,0.122724131,0.0795583874,0.0661483705,0.0494997725,0.0460152514,0.0345144421,0.036445301
1_1_4_12_6_16.bin,lab1-SF12-TP6,1,1,4,6,12,6,16,,-40.1379604,7.0036602,0.677742958,0.0308916029,0.00843072403,0.0364746302,0.0173872747,0.0512049794,0.0387880243,0.0891406611,0.15399611,1,0.116721958,0.0663361326,0.0411387235,0.0367210731,0.0245736334,0.0267141201,0.0168367792,0.0206021275
1_1_4_12_6_16.bin,lab1-SF12-TP6,1,1,4,6,12,6,16,,-40.0958302,6.88248062,0.680639029,0.0313530117,0.0112737771,0.0378590412,0.0188712925,0.0508267283,0.0412984118,0.0924071521,0.159708738,1,0.118896656,0.0703584775,0.0434106439,0.0388371721,0.0263391137,0.0263908766,0.0196393412,0.0202523898
1_1_4_12_6_16.bin,lab1-SF12-TP6,1,1,4,6,12,6,16,,-40.1508195,3.40049314,0.849086046,0.0496524423,0.028798122,0.0646385476,0.0452942774,0.0905537233,0.0903844535,0.179078355,0.379754186,1,0.211576477,0.123836994,0.0810567141,0.0686364248,0.0490766391,0.0484829955,0.0362810902,0.0381940752
1_1_4_12_6_16.bin,lab1-SF12-TP6,1,1,4,6,12,6,16,,-40.1436166,5.56800842,0.731087565,0.0390015282,0.0169388484,0.0476307459,0.0302589852,0.0644905791,0.0571817756,0.124760047,0.235117257,1,0.156619534,0.0925671756,0.0584549978,0.0496795774,0.0356026143,0.0353743881,0.0256389044,0.0258678198
1_1_4_12_6_16.bin,lab1-SF12-TP6,1,1,4,6,12,6,16,,-40.1461254,3.21532774,0.862657249,0.0496374853,0.0299161915,0.0658618584,0.0458160602,0.0919584334,0.093889378,0.182698116,0.394444734,1,0.215623558,0.126037374,0.0834214762,0.070793584,0.0502125695,0.0495957807,0.0368040651,0.0378744565
1_1_4_12_6_16.bin,lab1-SF12-TP6,1,1,4,6,12,6,16,,-40.0947685,-1.59686434,1.7166115,0.0636653826,0.0641803741,0.0879306272,0.0896578282,0.129029483,0.160438865,0.27895999,0.708741546,1,0.482221931,0.225546852,0.147918522,0.115379013,0.0906502232,0.0785706714,0.0629605353,0.0586233661
1_1_4_12_6_16.bin,lab1-SF12-TP6,1,1,4,6,12,6,16,,-40.2637285,0.0210665837,1.31151211,0.070314832,0.0473817624,0.0879961848,0.0702460483,0.128077477,0.143437356,0.273483723,0.677984059,1,0.281490773,0.174928039,0.115755081,0.0949830711,0.072221376,0.0667637587,0.0535991564,0.0522056557
1_1_5_12_6_16.bin,lab1-SF12-TP6,1,1,5,6,12,6,16,,-9.90847763,14.1085262,0.652423859,0.00396909332,0.0268220268,0.00456558261,0.032260973,0.00932034478,0.0443866029,0.0282761864,0.099443987,1,0.107399188,0.0493963808,0.0322861597,0.0239317603,0.0192884989,0.0160056576,0.0137885278,0.0121029448
1_1_5_12_6_16.bin,lab1-SF12-TP6,1,1,5,6,12,6,16,,-9.56753637,18.1231537,0.60968256,0.0128722396,0.015361608,0.0132162822,0.0162684955,0.0126543343,0.0200115666,0.0169700794,0.0439931527,1,0.0391235948,0.0191137362,0.0121255843,0.00955774263,0.00769081246,0.00673572673,0.00524321711,0.00484902877
1_1_5_12_6_16.bin,lab1-SF12-TP6,1,1,5,6,12,6,16,,-10.0223754,17.4847145,0.618349612,0.00975996628,0.019396631,0.00868797675,0.0219146665,0.00810313877,0.0275124554,0.0159287006,0.0555786043,1,0.0534320995,0.0248825848,0.0166715309,0.0122384373,0.00996483862,0.00825526845,0.00711142365,0.00623261929
1_1_5_12_6_16.bin,lab1-SF12-TP6,1,1,5,6,12,6,16,,-9.16950772,16.4584293,0.628046811,0.00801603403,0.0213823691,0.00681248307,0.0248070825,0.00826488808,0.0328031629,0.0204909481,0.0695562586,1,0.0678769127,0.0312142968,0.0210442226,0.0157469735,0.012966508,0.0106425146,0.00917957537,0.00794506725
1_1_5_12_6_16.bin,lab1-SF12-TP6,1,1,5,6,12,6,16,,-8.47098149,10.9372177,0.68531239,0.0340539999,0.00747105945,0.0409736261,0.0162674654,0.0551216751,0.038211897,0.0990582779,0.165088028,1,0.125587255,0.0684513822,0.0466670133,0.0359019712,0.0289903563,0.0243389029,0.0208638106,0.0183127355
1_1_5_12_6_16.bin,lab1-SF12-TP6,1,1,5,6,12,6,16,,-8.3286875,19.1750431,0.600920618,0.0169422422,0.0112398556,0.0182474442,0.0109524289,0.0202022344,0.0123391934,0.0254678614,0.0283942334,1,0.0268095043,0.0143480543,0.00933199935,0.00743136182,0.00573797291,0.00498756627,0.00407935865,0.00371857896
1_1_5_12_6_16.bin,lab1-SF12-TP6,1,1,5,6,12,6,16,,-8.63398599,18.2779903,0.611221611,0.0117664877,0.0170988999,0.0112556918,0.0187706258,0.00986335613,0.0223355293,0.014461251,0.0458152592,1,0.0419538543,0.0200370438,0.0132959867,0.0101896767,0.00800904911,0.00690452848,0.00579407578,0.00517096417
1_1_5_12_6_16.bin,lab1-SF12-TP6,1,1,5,6,12,6,16,,-8.47390829,16.0721664,0.63235116,0.00698539009,0.02268737,0.0053530219,0.0265026204,0.00681847893,0.0353425369,0.0191624034,0.0760636032,1,0.0744136795,0.0337266736,0.0223686267,0.0165567882,0.0132701509,0.011128163,0.00959800836,0.00847256556
1_1_5_12_6_16.bin,lab1-SF12-TP6,1,1,5,6,12,6,16,,-8.16006621,9.0505867,0.729766905,0.00679478934,0.0392953455,0.013071822,0.0494419597,0.026414359,0.0715872794,0.0652511939,0.168176875,1,0.224784285,0.0991383865,0.0642385408,0.0473967455,0.037781205,0.0312995166,0.0267788935,0.0234861858
1_1_6_12_6_16.bin,lab1-SF12-TP6,1,1,6,6,12,6,16,,-4.99548951,9.58558941,0.718521476,0.00611703517,0.0372453071,0.0118929176,0.0467452593,0.0242977012,0.0677832291,0.0610711612,0.160958052,1,0.207445681,0.0928359181,0.0598839819,0.0441964529,0.0354732312,0.0291738622,0.0253664255,0.0218109582
1_1_6_12_6_16.bin,lab1-SF12-TP6,1,1,6,6,12,6,16,,-4.9603577,6.47803497,0.792054534,0.0472124107,0.0210066121,0.0586957261,0.0360197797,0.0821448937,0.0731748343,0.1581164,0.313378185,1,0.19445087,0.108559914,0.0750490576,0.057564538,0.0465588868,0.0394009054,0.0336399563,0.0298639517
1_1_6_12_6_16.bin,lab1-SF12-TP6,1,1,6,6,12,6,16,,-4.8219857,-0.967276454,1.75601661,0.0600686856,0.0675209165,0.0802668184,0.0954291075,0.122298881,0.164322019,0.258800417,0.639214635,1,0.590021968,0.247642592,0.16259037,0.121155985,0.0968245268,0.0799390897,0.0686976388,0.0599909872
1_1_6_12_6_16.bin,lab1-SF12-TP6,1,1,6,6,12,6,16,,-4.61475019,5.36743593,0.849107385,0.0159841049,0.0519502312,0.0256900117,0.0664491951,0.0451037697,0.0984049141,0.100260064,0.23041296,1,0.372356176,0.154552564,0.0988241211,0.0718192011,0.0574751832,0.0470683649,0.0407719314,0.0350806788
1_1_6_12_6_16.bin,lab1-SF12-TP6,1,1,6,6,12,6,16,,-4.30152979,13.7905779,0.655601978,0.00440569967,0.0269462056,0.00498858746,0.0325507559,0.0106097283,0.0453508161,0.0301155094,0.103597373,1,0.111711852,0.0510792732,0.0341108553,0.0245733634,0.0204082206,0.0164278168,0.014823799,0.0122555168
1_1_6_12_6_16.bin,lab1-SF12-TP6,1,1,6,6,12,6,16,,-4.62919058,10.6376991,0.68963027,0.0345377587,0.00883961283,0.0417697914,0.0179403462,0.0564246364,0.0401660204,0.10171742,0.17023012,1,0.131068677,0.0712322146,0.0481377095,0.0375568494,0.0293354746,0.025549639,0.020880552,0.0192675591
1_1_6_12_6_16.bin,lab1-SF12-TP6,1,1,6,6,12,6,16,,-4.69526617,10.2743683,0.696066141,0.0345837399,0.00973008666,0.0427471697,0.0191682689,0.0584272183,0.042930387,0.105618201,0.180615634,1,0.135387346,0.0748526454,0.0505429059,0.0396115519,0.0320219062,0.0268398225,0.0224244054,0.0191795211
1_1_6_12_6_16.bin,lab1-SF12-TP6,1,1,6,6,12,6,16,,-4.79444251,3.00877666,1.01203609,0.0620871,0.0345452279,0.0785420164,0.05632063,0.112962238,0.11226891,0.229167879,0.514903724,1,0.252114028,0.146067187,0.102327272,0.0792217627,0.0643227994,0.0544420592,0.0467832871,0.0413826071
1_1_6_12_6_16.bin,lab1-SF12-TP6,1,1,6,6,12,6,16,,-5.0713185,-0.964730203,1.75805807,0.0689344034,0.0615070947,0.0898996517,0.0902112722,0.135718524,0.166369915,0.28711164,0.722517133,1,0.500504553,0.23056604,0.153628036,0.114424407,0.0932688713,0.0777370483,0.0678943023,0.058795616
1_1_7_12_6_16.bin,lab1-SF12-TP6,1,1,7,6,12,6,16,,-19.7494194,3.61879444,0.958711267,0.0593206249,0.031408675,0.0747832209,0.0520370454,0.106646635,0.10414131,0.214039117,0.473375291,1,0.242618874,0.138682529,0.0976940691,0.0749938712,0.0610320047,0.0515641831,0.0445732139,0.0392038561
1_1_7_12_6_16.bin,lab1-SF12-TP6,1,1,7,6,12,6,16,,-18.6169207,-1.03543925,1.77115691,0.0600417443,0.0674568191,0.0802848563,0.0958575532,0.121772535,0.164248988,0.257637858,0.641032934,1,0.598143458,0.24897404,0.161596239,0.120064363,0.0959177166,0.0802484825,0.0689263195,0.0601886213
1_1_7_12_6_16.bin,lab1-SF12-TP6,1,1,7,6,12,6,16,,-18.880341,0.209994465,1.50348616,0.0768008679,0.0452175587,0.0982435197,0.073890008,0.142347321,0.147614583,0.300635815,0.768871307,1,0.295652658,0.175213516,0.125062212,0.0965861231,0.0792925507,0.0667949319,0.0578141212,0.0506923981
1_1_7_12_6_16.bin,lab1-SF12-TP6,1,1,7,6,12,6,16,,-25.8573002,4.18007851,0.920519471,0.0190871041,0.0567130223,0.0302311704,0.0733040273,0.0521231815,0.109051377,0.112990126,0.25097549,1,0.436872423,0.17771697,0.111864388,0.0817689002,0.0654034019,0.0536577776,0.0456057005,0.0394425616
1_1_7_12_6_16.bin,lab1-SF12-TP6,1,1,7,6,12,6,16,,-20.6702241,8.48011589,0.741655827,0.00766197033,0.0406684726,0.0146143986,0.0515178777,0.0287347194,0.075049229,0.0698183775,0.176408395,1,0.241250813,0.105734982,0.0679671541,0.0500187054,0.0400182828,0.0331226401,0.0281880461,0.0247492939
1_1_7_12_6_16.bin,lab1-SF12-TP6,1,1,7,6,12,6,16,,-20.1762305,15.5412874,0.635151267,0.00635090144,0.0235775001,0.00561664347,0.0275009554,0.00823608693,0.0363389328,0.0219160542,0.0784844458,1,0.079362385,0.0361628011,0.0240644161,0.0174916629,0.0144205773,0.0118988054,0.0101925572,0.0088737281
1_1_7_12_6_16.bin,lab1-SF12-TP6,1,1,7,6,12,6,16,,-19.6226184,4.22533751,0.904259682,0.0568252541,0.0289654564,0.0709856525,0.048990801,0.101914972,0.0985847116,0.202183768,0.428819448,1,0.234885082,0.133301288,0.0926231444,0.0710376576,0.0578482784,0.0484700203,0.0425730497,0.0374133363
1_1_7_12_6_16.bin,lab1-SF12-TP6,1,1,7,6,12,6,16,,-19.2359464,3.97349691,0.952832699,0.0577655062,0.0303022265,0.0730014443,0.0505725816,0.104225285,0.10045816,0.208372906,0.454527527,1,0.236320764,0.13513571,0.0948997587,0.0727512166,0.059212286,0.0499764457,0.0432626456,0.0379663706
1_1_7_12_6_16.bin,lab1-SF12-TP6,1,1,7,6,12,6,16,,-19.9319376,2.65284777,1.05855608,0.0637797639,0.0355405398,0.0807170123,0.0582014211,0.116248161,0.115841217,0.237369895,0.541008711,1,0.259292305,0.149484321,0.105664618,0.0812984109,0.0664367676,0.0559415929,0.0486277826,0.0426839851
1_1_7_12_6_16.bin,lab1-SF12-TP6,1,1,7,6,12,6,16,,-18.3179981,1.39765012,1.28285551,0.0279277842,0.0710103959,0.0419205949,0.0907545537,0.0683292076,0.134009987,0.142883673,0.30230391,1,0.648514271,0.243101135,0.150254056,0.108403891,0.0848487169,0.0701153204,0.0602132566,0.0530963056
