scenario_type,condition,severity,strength,method,method_label,packets,candidate_recall,search_correct,search_accuracy,search_topology_mae_m,search_topology_p95_m,final_correct,final_accuracy,final_topology_mae_m,final_topology_p95_m,severe_error_rate,prediction_changes_vs_lda,beneficial_corrections,harmful_corrections,changed_but_still_wrong,correction_precision,mean_search_runtime_ms,p95_search_runtime_ms,mean_path_switches,mean_garbage_segments
validation_clean,clean,clean,0.0,average_cost,Average cost,128,0.9921875,117,0.9140625,0.4459375,3.3900000000000006,118,0.921875,0.523671875,3.3900000000000006,0.03125,1,1,0,0,1.0,0.0012808984377055133,0.0015956000030570288,,
validation_clean,clean,clean,0.0,greedy_path,Greedy path,128,0.9921875,117,0.9140625,0.4459375,3.3900000000000006,116,0.90625,0.576640625,3.3900000000000006,0.03125,5,2,3,0,0.4,0.08259565625035048,0.09755185000237532,0.0,0.0
validation_clean,clean,clean,0.0,no_pheromone,No pheromone,128,0.9921875,117,0.9140625,0.4459375,3.3900000000000006,117,0.9140625,0.55015625,3.3900000000000006,0.03125,2,1,1,0,0.5,4.761749015625261,5.006652299999814,0.0,0.0
validation_clean,clean,clean,0.0,full_aco,Full ACO,128,0.9921875,117,0.9140625,0.4459375,3.3900000000000006,117,0.9140625,0.4459375,3.3900000000000006,0.015625,7,3,3,1,0.42857142857142855,5.0017301562495495,5.269524899999567,0.0,0.0
artificial_perturbation,amplitude_noise,strength_0.05,0.05,average_cost,Average cost,128,1.0,113,0.8828125,0.5501562500000001,3.3900000000000006,118,0.921875,0.4459375000000001,3.3900000000000006,0.015625,3,3,0,0,1.0,0.0012558515621874378,0.00155395000547287,,
artificial_perturbation,amplitude_noise,strength_0.05,0.05,greedy_path,Greedy path,128,1.0,111,0.8671875,0.7321093750000001,6.669999999999998,117,0.9140625,0.5245312500000001,3.3900000000000006,0.0234375,6,3,1,2,0.5,0.08166167187534379,0.09534384999732026,0.0,0.0
artificial_perturbation,amplitude_noise,strength_0.05,0.05,no_pheromone,No pheromone,128,1.0,114,0.890625,0.57578125,3.3900000000000006,119,0.9296875,0.3938281250000001,3.3900000000000006,0.015625,4,4,0,0,1.0,4.922770859375259,4.831110300001029,0.0,0.0
artificial_perturbation,amplitude_noise,strength_0.05,0.05,full_aco,Full ACO,128,1.0,115,0.8984375,0.49718750000000006,3.3900000000000006,119,0.9296875,0.3673437500000001,3.3900000000000006,0.0078125,7,5,1,1,0.7142857142857143,4.9052939140623595,5.046954399997361,0.0,0.0
artificial_perturbation,amplitude_noise,strength_0.1,0.1,average_cost,Average cost,128,1.0,110,0.859375,0.71078125,3.3900000000000006,107,0.8359375,0.8696875000000001,5.521999999999971,0.03125,0,0,0,0,,0.001301781249962719,0.0016666500005868556,,
artificial_perturbation,amplitude_noise,strength_0.1,0.1,greedy_path,Greedy path,128,1.0,107,0.8359375,0.8671093750000001,5.521999999999971,113,0.8828125,0.6321875000000001,3.3900000000000006,0.03125,14,9,3,2,0.6428571428571429,0.08024055468741631,0.09669154999869534,0.0,0.0
artificial_perturbation,amplitude_noise,strength_0.1,0.1,no_pheromone,No pheromone,128,1.0,109,0.8515625,0.8150000000000002,6.670000000000002,113,0.8828125,0.6321875000000001,3.3900000000000006,0.0234375,8,7,1,0,0.875,4.674869125000093,4.837422800001789,0.0,0.0
artificial_perturbation,amplitude_noise,strength_0.1,0.1,full_aco,Full ACO,128,1.0,107,0.8359375,0.8671093750000001,6.670000000000001,110,0.859375,0.7372656250000001,3.3900000000000006,0.0234375,11,7,4,0,0.6363636363636364,4.8950684453123445,5.048196049996889,0.0,0.0
artificial_perturbation,amplitude_noise,strength_0.25,0.25,average_cost,Average cost,128,0.9453125,83,0.6484375,2.06234375,10.170000000000002,72,0.5625,2.8551562499999994,13.45,0.1171875,10,5,2,3,0.5,0.0013232343752389575,0.0016523000006429807,,
artificial_perturbation,amplitude_noise,strength_0.25,0.25,greedy_path,Greedy path,128,0.9453125,82,0.640625,2.1674218749999996,10.170000000000002,77,0.6015625,2.2998437499999995,10.170000000000002,0.0859375,23,11,3,9,0.4782608695652174,0.08136977343775609,0.101914600002928,0.0078125,0.0
artificial_perturbation,amplitude_noise,strength_0.25,0.25,no_pheromone,No pheromone,128,0.9453125,82,0.640625,2.244296875,10.170000000000002,73,0.5703125,2.7500781249999995,12.340499999999972,0.109375,12,6,2,4,0.5,4.664375015625,4.822660649997701,0.0,0.0
artificial_perturbation,amplitude_noise,strength_0.25,0.25,full_aco,Full ACO,128,0.9453125,83,0.6484375,2.0879687500000004,10.170000000000002,78,0.609375,2.272499999999999,10.170000000000002,0.0859375,22,11,2,9,0.5,4.905645789062385,5.060871050000415,0.0,0.0
artificial_perturbation,amplitude_noise,strength_0.5,0.5,average_cost,Average cost,128,0.8046875,55,0.4296875,4.443359374999999,16.9115,45,0.3515625,5.101171874999997,16.9115,0.2265625,9,2,0,7,0.2222222222222222,0.0013121640623503517,0.0017356499981246993,,
artificial_perturbation,amplitude_noise,strength_0.5,0.5,greedy_path,Greedy path,128,0.8046875,57,0.4453125,4.257968749999998,16.9115,51,0.3984375,4.523671874999998,16.9115,0.1953125,23,9,1,13,0.391304347826087,0.08087992187444382,0.09652739999914671,0.0,0.0
artificial_perturbation,amplitude_noise,strength_0.5,0.5,no_pheromone,No pheromone,128,0.8046875,56,0.4375,4.392109374999999,16.9115,50,0.390625,4.6287499999999975,16.9115,0.1953125,18,7,0,11,0.3888888888888889,4.486150046874915,4.626921049992205,0.0,0.0
artificial_perturbation,amplitude_noise,strength_0.5,0.5,full_aco,Full ACO,128,0.8046875,56,0.4375,4.444218749999998,16.9115,52,0.40625,4.549296874999998,16.9115,0.203125,28,11,2,15,0.39285714285714285,4.67775782812535,4.816975549996627,0.0,0.0
artificial_perturbation,amplitude_noise,strength_1,1.0,average_cost,Average cost,128,0.5390625,27,0.2109375,10.265624999999995,25.900499999999976,22,0.171875,10.868749999999997,27.081500000000002,0.5234375,13,1,0,12,0.07692307692307693,0.0012178359373171688,0.001652300007748408,,
artificial_perturbation,amplitude_noise,strength_1,1.0,greedy_path,Greedy path,128,0.5390625,27,0.2109375,10.316015624999995,25.900499999999976,23,0.1796875,10.868749999999993,27.01,0.5234375,19,2,0,17,0.10526315789473684,0.08005210937434004,0.10141884999868012,0.0,0.0
artificial_perturbation,amplitude_noise,strength_1,1.0,no_pheromone,No pheromone,128,0.5390625,27,0.2109375,10.238281249999996,23.840000000000003,22,0.171875,11.026796874999997,27.01,0.5390625,13,1,0,12,0.07692307692307693,4.5064251953123025,4.622837500000543,0.0,0.0
artificial_perturbation,amplitude_noise,strength_1,1.0,full_aco,Full ACO,128,0.5390625,27,0.2109375,10.316874999999994,25.900499999999976,23,0.1796875,10.710703124999993,27.01,0.5234375,21,2,0,19,0.09523809523809523,4.6673313984377796,4.846525100011689,0.0,0.0
artificial_perturbation,cfo_shift,strength_0.25,0.25,average_cost,Average cost,128,1.0,112,0.875,0.5766406250000001,3.3900000000000006,117,0.9140625,0.3938281250000001,3.3900000000000006,0.0078125,2,1,0,1,0.5,0.0013170546876439815,0.001499999996212864,,
artificial_perturbation,cfo_shift,strength_0.25,0.25,greedy_path,Greedy path,128,1.0,113,0.8828125,0.5245312500000001,3.3900000000000006,115,0.8984375,0.4724218750000001,3.3900000000000006,0.0078125,6,2,3,1,0.3333333333333333,0.07879941406196966,0.0966437499975825,0.0,0.0
artificial_perturbation,cfo_shift,strength_0.25,0.25,no_pheromone,No pheromone,128,1.0,114,0.890625,0.4980468750000001,3.3900000000000006,117,0.9140625,0.3938281250000001,3.3900000000000006,0.0078125,2,1,0,1,0.5,4.481589851562218,4.612616649993129,0.0,0.0
artificial_perturbation,cfo_shift,strength_0.25,0.25,full_aco,Full ACO,128,1.0,112,0.875,0.5766406250000001,3.3900000000000006,113,0.8828125,0.5501562500000001,3.3900000000000006,0.0078125,6,1,4,1,0.16666666666666666,4.668655929686905,4.796885299992937,0.0,0.0
artificial_perturbation,cfo_shift,strength_0.5,0.5,average_cost,Average cost,128,0.9921875,110,0.859375,0.603984375,3.3900000000000006,109,0.8515625,0.6817187500000002,3.3900000000000006,0.0078125,3,2,0,1,0.6666666666666666,0.0012665859367988475,0.0016249999958972694,,
artificial_perturbation,cfo_shift,strength_0.5,0.5,greedy_path,Greedy path,128,0.9921875,108,0.84375,0.6825781250000001,3.3900000000000006,110,0.859375,0.6296093750000001,3.3900000000000006,0.0078125,10,6,3,1,0.6,0.08010969531246914,0.09696295000622968,0.0,0.0
artificial_perturbation,cfo_shift,strength_0.5,0.5,no_pheromone,No pheromone,128,0.9921875,109,0.8515625,0.6560937500000001,3.3900000000000006,110,0.859375,0.6296093750000001,3.3900000000000006,0.0078125,4,3,0,1,0.75,4.522938117187292,4.723920599993647,0.0,0.0
artificial_perturbation,cfo_shift,strength_0.5,0.5,full_aco,Full ACO,128,0.9921875,108,0.84375,0.6825781250000001,3.3900000000000006,109,0.8515625,0.6560937500000001,3.3900000000000006,0.0078125,10,5,3,2,0.5,4.700546851561516,4.881679049992016,0.0,0.0
artificial_perturbation,cfo_shift,strength_1,1.0,average_cost,Average cost,128,0.953125,104,0.8125,0.8397656250000002,5.521999999999971,102,0.796875,1.1780468750000004,6.741499999999999,0.03125,6,3,0,3,0.5,0.0011884218754643072,0.0014436500023862204,,
artificial_perturbation,cfo_shift,strength_1,1.0,greedy_path,Greedy path,128,0.953125,102,0.796875,0.9704687500000001,6.670000000000001,101,0.7890625,1.0729687500000002,6.670000000000002,0.015625,10,5,3,2,0.5,0.07838866406184586,0.09409419999926172,0.0,0.0
artificial_perturbation,cfo_shift,strength_1,1.0,no_pheromone,No pheromone,128,0.953125,104,0.8125,0.9175000000000001,6.670000000000002,102,0.796875,1.1515625,6.741499999999999,0.03125,9,4,1,4,0.4444444444444444,4.515465445312783,4.680137599996215,0.0,0.0
artificial_perturbation,cfo_shift,strength_1,1.0,full_aco,Full ACO,128,0.953125,104,0.8125,0.8397656250000002,5.521999999999971,102,0.796875,1.0208593750000001,6.670000000000002,0.0078125,12,6,3,3,0.5,4.681552679687284,4.826491899994778,0.0,0.0
artificial_perturbation,clean,clean,0.0,average_cost,Average cost,128,1.0,114,0.890625,0.549296875,3.3900000000000006,121,0.9453125,0.28875000000000006,2.2034999999999716,0.0078125,1,1,0,0,1.0,0.0013190312498911894,0.0016103000017864129,,
artificial_perturbation,clean,clean,0.0,greedy_path,Greedy path,128,1.0,117,0.9140625,0.470703125,3.3900000000000006,121,0.9453125,0.31437500000000007,2.2034999999999716,0.0078125,5,3,2,0,0.6,0.07964555468797929,0.0956666500023573,0.0,0.0
artificial_perturbation,clean,clean,0.0,no_pheromone,No pheromone,128,1.0,117,0.9140625,0.44507812500000005,3.3900000000000006,121,0.9453125,0.28875000000000006,2.2034999999999716,0.0078125,1,1,0,0,1.0,4.67755214062504,4.825297700000419,0.0,0.0
artificial_perturbation,clean,clean,0.0,full_aco,Full ACO,128,1.0,118,0.921875,0.41859375000000004,3.3900000000000006,120,0.9375,0.3664843750000001,3.3900000000000006,0.0078125,4,2,2,0,0.5,4.89959633593784,5.033168749998751,0.0,0.0
artificial_perturbation,preamble_missing,strength_1,1.0,average_cost,Average cost,128,1.0,113,0.8828125,0.5775,3.3900000000000006,119,0.9296875,0.34171875000000007,3.3900000000000006,0.0078125,0,0,0,0,,0.001361953124723314,0.0015273000009585753,,
artificial_perturbation,preamble_missing,strength_1,1.0,greedy_path,Greedy path,128,1.0,108,0.84375,0.8389062500000001,6.670000000000002,115,0.8984375,0.5501562500000001,3.3900000000000006,0.015625,6,1,5,0,0.16666666666666666,0.0801373515620929,0.09797489999776587,0.0,0.0
artificial_perturbation,preamble_missing,strength_1,1.0,no_pheromone,No pheromone,128,1.0,115,0.8984375,0.5245312500000001,3.3900000000000006,118,0.921875,0.3673437500000001,3.3900000000000006,0.0078125,1,0,1,0,0.0,4.670066437499954,4.837537500002753,0.0,0.0
artificial_perturbation,preamble_missing,strength_1,1.0,full_aco,Full ACO,128,1.0,114,0.890625,0.5766406250000001,5.521999999999971,117,0.9140625,0.4450781250000001,3.3900000000000006,0.0078125,4,1,3,0,0.25,4.892364867187748,5.025254600000295,0.0,0.0
artificial_perturbation,preamble_missing,strength_2,2.0,average_cost,Average cost,128,1.0,109,0.8515625,0.68171875,3.3900000000000006,112,0.875,0.5766406250000001,3.3900000000000006,0.015625,0,0,0,0,,0.0013427656248010678,0.001566899998550751,,
artificial_perturbation,preamble_missing,strength_2,2.0,greedy_path,Greedy path,128,1.0,95,0.7421875,1.2575,6.670000000000002,111,0.8671875,0.6278906250000001,3.3900000000000006,0.015625,11,5,6,0,0.45454545454545453,0.08084932031204861,0.09872334999698748,0.0,0.0
artificial_perturbation,preamble_missing,strength_2,2.0,no_pheromone,No pheromone,128,1.0,112,0.875,0.6287500000000001,3.3900000000000006,115,0.8984375,0.4715625000000001,3.3900000000000006,0.015625,5,4,1,0,0.8,4.6907841796872685,4.840852299999199,0.0,0.0
artificial_perturbation,preamble_missing,strength_2,2.0,full_aco,Full ACO,128,1.0,111,0.8671875,0.6808593750000002,5.521999999999971,114,0.890625,0.5492968750000001,3.3900000000000006,0.015625,8,5,3,0,0.625,4.894156179687251,5.060539150000665,0.0,0.0
artificial_perturbation,preamble_missing,strength_4,4.0,average_cost,Average cost,128,1.0,105,0.8203125,0.8389062500000001,5.521999999999971,102,0.796875,0.8910156250000001,3.3900000000000006,0.015625,4,4,0,0,1.0,0.0012512734375857981,0.001568650004202254,,
artificial_perturbation,preamble_missing,strength_4,4.0,greedy_path,Greedy path,128,1.0,95,0.7421875,1.154140625,6.670000000000002,102,0.796875,0.8901562500000002,3.3900000000000006,0.015625,11,6,2,3,0.5454545454545454,0.07999541406239485,0.09643750000272176,0.015625,0.0
artificial_perturbation,preamble_missing,strength_4,4.0,no_pheromone,No pheromone,128,1.0,106,0.828125,0.7603125000000002,3.3900000000000006,104,0.8125,0.7603125000000002,3.3900000000000006,0.0078125,7,6,0,1,0.8571428571428571,4.677766921874605,4.829007999999391,0.0,0.0
artificial_perturbation,preamble_missing,strength_4,4.0,full_aco,Full ACO,128,1.0,104,0.8125,0.8645312500000001,5.521999999999971,106,0.828125,0.7594531250000002,3.3900000000000006,0.015625,13,9,1,3,0.6923076923076923,4.901729820312729,5.083889250002116,0.0,0.0
artificial_perturbation,segment_anomaly,strength_0.25,0.25,average_cost,Average cost,128,1.0,111,0.8671875,0.6552343750000001,5.521999999999971,119,0.9296875,0.3673437500000001,3.3900000000000006,0.0078125,2,1,0,1,0.5,0.0012252656245159699,0.0016933000004826222,,
artificial_perturbation,segment_anomaly,strength_0.25,0.25,greedy_path,Greedy path,128,1.0,113,0.8828125,0.5484375000000001,3.3900000000000006,118,0.921875,0.3938281250000001,3.3900000000000006,0.0078125,5,2,2,1,0.4,0.08028976562524104,0.09751654999661241,0.0,0.0
artificial_perturbation,segment_anomaly,strength_0.25,0.25,no_pheromone,No pheromone,128,1.0,113,0.8828125,0.6031250000000001,5.521999999999971,118,0.921875,0.4194531250000001,3.3900000000000006,0.0078125,3,1,1,1,0.3333333333333333,4.506575195312945,4.645539600004156,0.0,0.0
artificial_perturbation,segment_anomaly,strength_0.25,0.25,full_aco,Full ACO,128,1.0,113,0.8828125,0.5766406250000001,3.3900000000000006,118,0.921875,0.3938281250000001,3.3900000000000006,0.0078125,5,2,2,1,0.4,4.6782854375002625,4.841996049994179,0.0,0.0
artificial_perturbation,segment_anomaly,strength_0.5,0.5,average_cost,Average cost,128,1.0,106,0.828125,0.7867968750000001,5.521999999999971,117,0.9140625,0.4194531250000001,3.3900000000000006,0.0078125,1,0,1,0,0.0,0.0012555625008570104,0.001610649998440294,,
artificial_perturbation,segment_anomaly,strength_0.5,0.5,greedy_path,Greedy path,128,1.0,109,0.8515625,0.6535156250000002,3.3900000000000006,114,0.890625,0.4980468750000001,3.3900000000000006,0.0078125,4,0,4,0,0.0,0.07885972656307416,0.09959594999386923,0.0,0.0
artificial_perturbation,segment_anomaly,strength_0.5,0.5,no_pheromone,No pheromone,128,1.0,112,0.875,0.6031250000000001,3.3900000000000006,117,0.9140625,0.4194531250000001,3.3900000000000006,0.0078125,1,0,1,0,0.0,4.5102298437499355,4.62529990000462,0.0,0.0
artificial_perturbation,segment_anomaly,strength_0.5,0.5,full_aco,Full ACO,128,1.0,109,0.8515625,0.7082031250000002,5.521999999999971,113,0.8828125,0.5501562500000001,3.3900000000000006,0.0078125,5,0,5,0,0.0,4.688234062500185,4.83055000000121,0.0,0.0
artificial_perturbation,segment_anomaly,strength_1,1.0,average_cost,Average cost,128,1.0,98,0.765625,1.1524218750000002,6.670000000000002,108,0.84375,0.8089843750000002,6.670000000000001,0.0078125,3,2,1,0,0.6666666666666666,0.0012222812492135304,0.0015539499983674425,,
artificial_perturbation,segment_anomaly,strength_1,1.0,greedy_path,Greedy path,128,1.0,104,0.8125,0.9396875000000002,6.670000000000002,107,0.8359375,0.8089843750000002,6.670000000000002,0.015625,12,6,6,0,0.5,0.07955277343785205,0.09592685000185952,0.0078125,0.0
artificial_perturbation,segment_anomaly,strength_1,1.0,no_pheromone,No pheromone,128,1.0,104,0.8125,0.9414062500000002,6.670000000000002,108,0.84375,0.7568750000000002,6.670000000000001,0.0078125,9,5,4,0,0.5555555555555556,4.484172812500242,4.617532999998275,0.0,0.0
artificial_perturbation,segment_anomaly,strength_1,1.0,full_aco,Full ACO,128,1.0,102,0.796875,1.02,6.670000000000002,105,0.8203125,0.8884375000000002,6.670000000000002,0.015625,13,5,7,1,0.38461538461538464,4.679861929686613,4.835680699999045,0.0,0.0
diagnostic_group,detect_score_db,0_cleanest,validation_quartile,average_cost,Average cost,42,1.0,35,0.8333333333333334,0.8721428571428572,6.669999999999998,40,0.9523809523809523,0.16142857142857145,0.0,0.0,0,0,0,0,,0.0013521190472450446,0.0016229000028289418,,
diagnostic_group,detect_score_db,0_cleanest,validation_quartile,greedy_path,Greedy path,42,1.0,36,0.8571428571428571,0.7940476190476191,6.669999999999998,39,0.9285714285714286,0.39833333333333343,3.220499999999986,0.0,3,1,2,0,0.3333333333333333,0.08185611904785278,0.09706039999635152,0.0,0.0
diagnostic_group,detect_score_db,0_cleanest,validation_quartile,no_pheromone,No pheromone,42,1.0,38,0.9047619047619048,0.4764285714285715,3.3845,40,0.9523809523809523,0.16142857142857145,0.0,0.0,0,0,0,0,,4.699681619047711,4.827664249999586,0.0,0.0
diagnostic_group,detect_score_db,0_cleanest,validation_quartile,full_aco,Full ACO,42,1.0,37,0.8809523809523809,0.6352380952380953,6.505999999999984,39,0.9285714285714286,0.39833333333333343,3.220499999999986,0.0,3,1,2,0,0.3333333333333333,4.883747095238702,5.024704800003832,0.0,0.0
diagnostic_group,detect_score_db,1_mild,validation_quartile,average_cost,Average cost,25,1.0,24,0.96,0.13560000000000003,0.0,25,1.0,0.0,0.0,0.0,0,0,0,0,,0.001386719999629804,0.003091799999310746,,
diagnostic_group,detect_score_db,1_mild,validation_quartile,greedy_path,Greedy path,25,1.0,25,1.0,0.0,0.0,25,1.0,0.0,0.0,0.0,0,0,0,0,,0.07745004000071276,0.09441680000321638,0.0,0.0
diagnostic_group,detect_score_db,1_mild,validation_quartile,no_pheromone,No pheromone,25,1.0,24,0.96,0.13560000000000003,0.0,25,1.0,0.0,0.0,0.0,0,0,0,0,,4.656949999999824,4.813349600000549,0.0,0.0
diagnostic_group,detect_score_db,1_mild,validation_quartile,full_aco,Full ACO,25,1.0,25,1.0,0.0,0.0,25,1.0,0.0,0.0,0.0,0,0,0,0,,4.905416519999903,5.030366600000491,0.0,0.0
diagnostic_group,detect_score_db,2_moderate,validation_quartile,average_cost,Average cost,30,1.0,30,1.0,0.0,0.0,30,1.0,0.0,0.0,0.0,0,0,0,0,,0.001197366666853365,0.0014170000000035543,,
diagnostic_group,detect_score_db,2_moderate,validation_quartile,greedy_path,Greedy path,30,1.0,30,1.0,0.0,0.0,30,1.0,0.0,0.0,0.0,0,0,0,0,,0.08053070000026234,0.09158749999933491,0.0,0.0
diagnostic_group,detect_score_db,2_moderate,validation_quartile,no_pheromone,No pheromone,30,1.0,30,1.0,0.0,0.0,30,1.0,0.0,0.0,0.0,0,0,0,0,,4.6781555666669306,4.7757838500000815,0.0,0.0
diagnostic_group,detect_score_db,2_moderate,validation_quartile,full_aco,Full ACO,30,1.0,30,1.0,0.0,0.0,30,1.0,0.0,0.0,0.0,0,0,0,0,,4.894916633333679,5.015081100003016,0.0,0.0
diagnostic_group,detect_score_db,3_severe,validation_quartile,average_cost,Average cost,31,1.0,25,0.8064516129032258,0.9770967741935485,5.030000000000001,26,0.8387096774193549,0.9735483870967743,6.670000000000002,0.03225806451612903,1,1,0,0,1.0,0.001337354838884978,0.001603499999447422,,
diagnostic_group,detect_score_db,3_severe,validation_quartile,greedy_path,Greedy path,31,1.0,26,0.8387096774193549,0.867741935483871,5.030000000000001,27,0.8709677419354839,0.7583870967741936,5.030000000000001,0.03225806451612903,2,2,0,0,1.0,0.07756458064599495,0.09387500000102023,0.0,0.0
diagnostic_group,detect_score_db,3_severe,validation_quartile,no_pheromone,No pheromone,31,1.0,25,0.8064516129032258,1.082903225806452,6.670000000000002,26,0.8387096774193549,0.9735483870967743,6.670000000000002,0.03225806451612903,1,1,0,0,1.0,4.663600935483802,4.842395999997251,0.0,0.0
diagnostic_group,detect_score_db,3_severe,validation_quartile,full_aco,Full ACO,31,1.0,26,0.8387096774193549,0.867741935483871,5.030000000000001,26,0.8387096774193549,0.9735483870967743,6.670000000000002,0.03225806451612903,1,1,0,0,1.0,4.920904548387418,5.053708500000198,0.0,0.0
diagnostic_group,snr,0_cleanest,validation_quartile,average_cost,Average cost,23,1.0,22,0.9565217391304348,0.14260869565217396,0.0,23,1.0,0.0,0.0,0.0,0,0,0,0,,0.001460173913375476,0.003695800003811198,,
diagnostic_group,snr,0_cleanest,validation_quartile,greedy_path,Greedy path,23,1.0,23,1.0,0.0,0.0,23,1.0,0.0,0.0,0.0,0,0,0,0,,0.08003804347791658,0.09680769999675931,0.0,0.0
diagnostic_group,snr,0_cleanest,validation_quartile,no_pheromone,No pheromone,23,1.0,23,1.0,0.0,0.0,23,1.0,0.0,0.0,0.0,0,0,0,0,,4.664731913043565,4.827066299999672,0.0,0.0
diagnostic_group,snr,0_cleanest,validation_quartile,full_aco,Full ACO,23,1.0,23,1.0,0.0,0.0,23,1.0,0.0,0.0,0.0,0,0,0,0,,4.869164956521758,4.990942000004139,0.0,0.0
diagnostic_group,snr,2_moderate,validation_quartile,average_cost,Average cost,46,1.0,42,0.9130434782608695,0.36369565217391314,3.3625000000000007,46,1.0,0.0,0.0,0.0,0,0,0,0,,0.0012754347821750957,0.001530749997868952,,
diagnostic_group,snr,2_moderate,validation_quartile,greedy_path,Greedy path,46,1.0,44,0.9565217391304348,0.216304347826087,0.0,45,0.9782608695652174,0.14500000000000005,0.0,0.0,1,0,1,0,0.0,0.08062686956648073,0.09546900000323433,0.0,0.0
diagnostic_group,snr,2_moderate,validation_quartile,no_pheromone,No pheromone,46,1.0,43,0.9347826086956522,0.2900000000000001,2.460000000000001,46,1.0,0.0,0.0,0.0,0,0,0,0,,4.683731043477726,4.816322749999102,0.0,0.0
diagnostic_group,snr,2_moderate,validation_quartile,full_aco,Full ACO,46,1.0,44,0.9565217391304348,0.216304347826087,0.0,45,0.9782608695652174,0.14500000000000005,0.0,0.0,1,0,1,0,0.0,4.918643086957036,5.034406249999179,0.0,0.0
diagnostic_group,snr,3_severe,validation_quartile,average_cost,Average cost,59,1.0,50,0.847457627118644,0.8525423728813559,6.669999999999998,52,0.8813559322033898,0.6264406779661018,3.717999999999982,0.01694915254237288,1,1,0,0,1.0,0.0012979999999725743,0.001549400003142409,,
diagnostic_group,snr,3_severe,validation_quartile,greedy_path,Greedy path,59,1.0,50,0.847457627118644,0.8525423728813559,6.669999999999998,53,0.8983050847457628,0.5689830508474577,3.717999999999982,0.01694915254237288,4,3,1,0,0.75,0.0787274576273077,0.09554109999996285,0.0,0.0
diagnostic_group,snr,3_severe,validation_quartile,no_pheromone,No pheromone,59,1.0,51,0.864406779661017,0.7394915254237289,6.669999999999998,52,0.8813559322033898,0.6264406779661018,3.717999999999982,0.01694915254237288,1,1,0,0,1.0,4.677732406780133,4.8214875000013535,0.0,0.0
diagnostic_group,snr,3_severe,validation_quartile,full_aco,Full ACO,59,1.0,51,0.864406779661017,0.7394915254237289,6.669999999999998,52,0.8813559322033898,0.6820338983050849,6.670000000000002,0.01694915254237288,3,2,1,0,0.6666666666666666,4.896609406779988,5.026383399997769,0.0,0.0
diagnostic_group,segment_cost_std,0_cleanest,validation_quartile,average_cost,Average cost,26,1.0,23,0.8846153846153846,0.6434615384615385,3.3625000000000007,25,0.9615384615384616,0.38692307692307687,0.0,0.038461538461538464,0,0,0,0,,0.001206730769463495,0.0014477499998832855,,
diagnostic_group,segment_cost_std,0_cleanest,validation_quartile,greedy_path,Greedy path,26,1.0,24,0.9230769230769231,0.5173076923076922,2.5425000000000004,25,0.9615384615384616,0.38692307692307687,0.0,0.038461538461538464,0,0,0,0,,0.07569715384702337,0.09168700000294905,0.0,0.0
diagnostic_group,segment_cost_std,0_cleanest,validation_quartile,no_pheromone,No pheromone,26,1.0,24,0.9230769230769231,0.5173076923076922,2.5425000000000004,25,0.9615384615384616,0.38692307692307687,0.0,0.038461538461538464,0,0,0,0,,4.651206846154456,4.8062079999997565,0.0,0.0
diagnostic_group,segment_cost_std,0_cleanest,validation_quartile,full_aco,Full ACO,26,1.0,24,0.9230769230769231,0.5173076923076922,2.5425000000000004,25,0.9615384615384616,0.38692307692307687,0.0,0.038461538461538464,0,0,0,0,,4.906849423077867,5.033896000000482,0.0,0.0
diagnostic_group,segment_cost_std,1_mild,validation_quartile,average_cost,Average cost,33,1.0,29,0.8787878787878788,0.5103030303030303,3.3900000000000006,32,0.9696969696969697,0.10272727272727275,0.0,0.0,0,0,0,0,,0.001329575757128251,0.0018082000011077064,,
diagnostic_group,segment_cost_std,1_mild,validation_quartile,greedy_path,Greedy path,33,1.0,31,0.9393939393939394,0.3048484848484848,1.3559999999999954,32,0.9696969696969697,0.10272727272727275,0.0,0.0,0,0,0,0,,0.08029433333387997,0.09626619999636432,0.0,0.0
diagnostic_group,segment_cost_std,1_mild,validation_quartile,no_pheromone,No pheromone,33,1.0,30,0.9090909090909091,0.40757575757575754,3.3900000000000006,32,0.9696969696969697,0.10272727272727275,0.0,0.0,0,0,0,0,,4.672679333333334,4.782357999999931,0.0,0.0
diagnostic_group,segment_cost_std,1_mild,validation_quartile,full_aco,Full ACO,33,1.0,32,0.9696969696969697,0.10272727272727275,0.0,32,0.9696969696969697,0.10272727272727275,0.0,0.0,0,0,0,0,,4.919049181818197,5.049358600000176,0.0,0.0
diagnostic_group,segment_cost_std,2_moderate,validation_quartile,average_cost,Average cost,28,1.0,26,0.9285714285714286,0.2421428571428572,2.2034999999999956,25,0.8928571428571429,0.480357142857143,3.3900000000000006,0.0,0,0,0,0,,0.0013318928578444553,0.001539600000910468,,
diagnostic_group,segment_cost_std,2_moderate,validation_quartile,greedy_path,Greedy path,28,1.0,26,0.9285714285714286,0.2421428571428572,2.2034999999999956,26,0.9285714285714286,0.2421428571428572,2.2034999999999956,0.0,1,1,0,0,1.0,0.08068153571549885,0.09750845000127129,0.0,0.0
diagnostic_group,segment_cost_std,2_moderate,validation_quartile,no_pheromone,No pheromone,28,1.0,25,0.8928571428571429,0.480357142857143,3.3900000000000006,25,0.8928571428571429,0.480357142857143,3.3900000000000006,0.0,0,0,0,0,,4.709604142856959,4.893295949999654,0.0,0.0
diagnostic_group,segment_cost_std,2_moderate,validation_quartile,full_aco,Full ACO,28,1.0,26,0.9285714285714286,0.2421428571428572,2.2034999999999956,25,0.8928571428571429,0.480357142857143,3.3900000000000006,0.0,0,0,0,0,,4.878757428571388,5.016647799998708,0.0,0.0
diagnostic_group,segment_cost_std,3_severe,validation_quartile,average_cost,Average cost,41,1.0,36,0.8780487804878049,0.7307317073170733,6.670000000000002,39,0.9512195121951219,0.24536585365853664,0.0,0.0,1,1,0,0,1.0,0.0013729756091498619,0.001665999995736911,,
diagnostic_group,segment_cost_std,3_severe,validation_quartile,greedy_path,Greedy path,41,1.0,36,0.8780487804878049,0.7307317073170733,6.670000000000002,38,0.926829268292683,0.488048780487805,6.670000000000002,0.0,4,2,2,0,0.5,0.08091973170699353,0.09554100000030985,0.0,0.0
diagnostic_group,segment_cost_std,3_severe,validation_quartile,no_pheromone,No pheromone,41,1.0,38,0.926829268292683,0.4053658536585367,3.280000000000001,39,0.9512195121951219,0.24536585365853664,0.0,0.0,1,1,0,0,1.0,4.676291756097427,4.795041999997807,0.0,0.0
diagnostic_group,segment_cost_std,3_severe,validation_quartile,full_aco,Full ACO,41,1.0,36,0.8780487804878049,0.7307317073170733,6.670000000000002,38,0.926829268292683,0.488048780487805,6.670000000000002,0.0,4,2,2,0,0.5,4.893571097561451,5.025124999995967,0.0,0.0
